Customer_ID,Device_Age_Years,OS,Rooted,SIM_Age_Years,Phone_Vintage_Years,Device_Fingerprint
CUST_00000001,4.9,Android 13,False,6.0,6.7,734f073b975e0a89e4f8d290ab2fd5d9
CUST_00000002,0.8,Android 14,False,6.1,0.9,64f64dc450b38b4a27f0c83aea3d5002
CUST_00000003,5.7,Android 14,False,2.2,6.8,2fd51676fef4803666db06886b083fb3
CUST_00000004,1.4,Android 14,False,4.4,2.5,986c3ccb96cbb180fd4a4ad90a910029
CUST_00000005,0.5,Android 13,False,3.7,1.4,354321c5a9388be664b5d476c32c1f48
CUST_00000006,1.0,Android 12,False,6.0,1.8,7e2725b99ae6d32b598f6511f53291dd
CUST_00000007,0.2,Android 13,False,9.5,1.6,8314ef17a9bb649d071a29a9b20e0508
CUST_00000008,0.3,Android 11,False,6.9,2.5,bf682e8a0cbce46cfaf9d6413ad8aabd
CUST_00000009,0.2,Android 14,False,9.1,3.7,4e1fa00efdd97db560adfdb000e1220d
CUST_00000010,1.3,Android 12,False,5.5,2.5,1a265ba631e3540e8f1c67694627af8b
CUST_00000011,5.2,iOS 16,False,9.0,5.5,6f7e96a7599220e1c7a9e7c3a31feafa
CUST_00000012,0.3,iOS 17,False,0.5,1.1,e96942d059fed13a52d0d929524080b4
CUST_00000013,1.9,Android 13,False,3.6,2.3,a21f8e13fbce7b32edcbdd16ac4a3c6b
CUST_00000014,1.1,Android 13,False,0.8,1.4,77ca6b42a24462b6c50741c808f77489
CUST_00000015,0.1,Android 12,False,8.2,1.8,031e1f494291fec20f27411aa18c7071
CUST_00000016,0.5,Android 12,False,3.6,5.5,82f9bd0ffc2c939e6db27596dc606772
CUST_00000017,1.6,Android 11,False,0.7,4.6,8b6e97ff7c8bfb2505cbcb2e6cc552f0
CUST_00000018,3.4,Android 14,False,8.9,5.2,591c5e5826c67bd7208acd58b89a817b
CUST_00000019,3.9,Android 14,False,5.7,5.1,167021bb7d9f8ec10ac27ba851679443
CUST_00000020,1.7,Android 13,False,0.4,3.9,9ad0f59cd65accad789cb073046c4699
CUST_00000021,1.5,Android 14,False,5.1,4.6,56b971a1605df381bf2b32f62c37681d
CUST_00000022,2.4,Android 14,False,2.4,3.2,8c1224ee0e0565a264a98868a8ed29ec
CUST_00000023,1.4,Android 14,False,8.1,1.5,d3d282c56f45593bce9424e104f8b2ff
CUST_00000024,1.1,Android 11,False,8.9,5.7,0498c55da2e96ad8fc18d00675fd771c
CUST_00000025,2.1,Android 11,False,1.2,6.3,3a120c2ab043359caa125c0bb7627e48
CUST_00000026,5.0,Android 13,False,0.2,5.8,d983a30efcc1a3b26aad60bdf222ec26
CUST_00000027,0.3,Android 13,False,3.4,1.9,50c7dd4c5dd629c7014585de9cf29081
CUST_00000028,2.8,Android 14,False,3.7,3.9,477091d9089b70407c7d6b8f0953a340
CUST_00000029,1.1,iOS 16,False,3.1,2.1,e6e285696a04e0b3c648ca12a9ac05c7
CUST_00000030,2.3,Android 14,False,0.6,4.5,7f63ae69ef6541c06ceb930adf9afa65
CUST_00000031,0.4,iOS 17,False,4.9,2.1,445e4e8ae63fdc6da874754a11c1eb31
CUST_00000032,3.8,Android 14,False,2.5,4.9,b37d23b5d2254d8b248a3da201806d08
CUST_00000033,3.0,Android 13,False,5.4,4.6,3025a6292ef4e7029c000d4fae4b1eb8
CUST_00000034,0.6,Android 11,False,0.5,2.6,4a84ecdcc9732cdad484eff3576dbb25
CUST_00000035,0.4,Android 12,False,2.3,0.6,40bff0a602ee20bc9eb215a4a97b0cd9
CUST_00000036,2.0,Android 14,False,9.4,5.0,95c3b0fdef6f0a0c2726be6b42794eac
CUST_00000037,1.1,Android 14,False,8.8,1.2,bda302d90073c9eff16f186fb1e105e6
CUST_00000038,3.3,Android 12,False,5.3,5.8,82c014195ecad6deef5bfd5b01daec14
CUST_00000039,5.7,Android 14,False,6.4,6.3,265f397fda6da7f4ddc33819ba266696
CUST_00000040,4.7,Android 14,False,8.9,5.2,882eec81827ec0cec985623dea4295ae
CUST_00000041,0.2,Android 13,False,9.0,1.0,44aa5bca51d83b37ce8816b8db7ba100
CUST_00000042,0.8,Android 14,False,0.2,1.2,7b2676a4cc6ac2fca18dd353bb66e3f2
CUST_00000043,3.3,Android 13,False,2.3,5.0,9d8737208a945ea06e8e4f5702c81614
CUST_00000044,2.0,Android 14,False,6.5,2.6,bb8d9ac0392cb24ce515e92031fc15d3
CUST_00000045,0.5,Android 12,False,3.7,4.2,4bb12cc8c85927d46222f26115adb4e0
CUST_00000046,2.7,Android 14,False,8.9,6.8,c7ec221ed9396727b5dfbecfa1874b5d
CUST_00000047,2.2,Android 12,False,5.0,3.8,058e991c90929917f8ef561fe5b5ec94
CUST_00000048,0.2,Android 12,False,6.5,2.3,b525f25ba6c7121377c845ef839b4c6f
CUST_00000049,6.1,iOS 17,True,3.8,6.7,f63c264d9974e7494b4aded3721abc85
CUST_00000050,3.2,iOS 17,False,9.6,3.3,5f5c505b5f5bcb23fa39c18b6e25b325
CUST_00000051,2.6,Android 14,False,3.2,3.0,a54d1a19c98409c033ff662e614ccdf4
CUST_00000052,4.6,Android 13,False,5.7,6.6,86699ab4a5d987b3a29ce0eeae58cd66
CUST_00000053,1.1,Android 13,False,5.2,6.9,92170743e4c2d3e72d214b9059c42809
CUST_00000054,3.5,Android 12,False,3.7,5.0,d8b34bc8c207814c0c621b453765d4a1
CUST_00000055,5.0,Android 11,False,9.1,5.8,89acad60dcb5b4106098b26dc3d591ff
CUST_00000056,3.7,Android 13,False,7.0,5.7,6cff2a0c1266dda81f0c18adf3b32302
CUST_00000057,1.1,Android 10,False,1.0,2.7,9b92a1c2aa65d30396df8c29cedc3707
CUST_00000058,1.9,Android 14,False,2.9,3.5,3e9f2151802f719a43672c0ff7a74773
CUST_00000059,0.6,Android 14,False,3.7,0.7,a0f9fe9fc4b11f43ade02043ccdd0576
CUST_00000060,1.3,Android 13,False,6.3,5.5,112ad28b95e99bf470b1bb7d5fef5bb3
CUST_00000061,2.2,Android 14,False,6.4,4.0,5e6ebc6654f59ce5a5820bafdc84bd4f
CUST_00000062,1.3,iOS 16,False,8.0,3.9,d3b9ae24288bc05006ad979462248ca2
CUST_00000063,0.1,Android 13,False,9.6,1.0,6510e1ea9cb7064e9fb1819cf9654bed
CUST_00000064,0.6,Android 12,False,1.6,3.2,df545a5fd14aa2c0c214d7e5e0452193
CUST_00000065,3.4,Android 13,False,2.9,5.1,d563b8dff461deb580fdf8abeb9caf04
CUST_00000066,2.5,Android 12,False,4.3,4.1,e5bc42e70039e7fc2e871afeb9a7e625
CUST_00000067,0.2,Android 13,False,1.2,5.4,d376689fb9bdd973de4860c5b43021d2
CUST_00000068,4.3,Android 14,False,4.8,6.1,049c1d9b80247a4281d67384dde5b0a2
CUST_00000069,0.7,Android 13,False,4.4,3.6,8cfcc9575c19cfc34d4c65b494ddf654
CUST_00000070,0.3,Android 13,False,3.8,4.6,1b04b87ab0a62d23b04347bb4948956f
CUST_00000071,4.1,Android 13,False,1.7,6.1,9fc0a40924773a0c544e242438f37081
CUST_00000072,0.5,Android 13,False,9.4,0.7,9a19bf69a60695157a8489b01168d3a2
CUST_00000073,2.2,Android 13,False,5.5,4.7,d519cf8db907c5169506ba6b63e4e3ae
CUST_00000074,6.1,Android 13,False,2.0,6.7,eae50e3b2d0abae8ea5c74aae448a349
CUST_00000075,0.1,Android 14,False,6.9,0.6,a3ace7b431b72c9838c162330e553df7
CUST_00000076,0.2,Android 14,False,8.2,6.0,5ccbf940c6976d0891ec347ef69e4536
CUST_00000077,3.2,Android 14,False,8.8,5.0,0b32bdb3c220e00b84bc0f56e84351e4
CUST_00000078,0.5,Android 11,False,7.5,2.3,b12f310750cce409c286c1cfa7bf51f9
CUST_00000079,1.3,iOS 15,False,7.8,3.2,c7a22c820a1fa123aeb3bffbcc45baaa
CUST_00000080,2.7,iOS 17,False,7.5,6.1,9f6017316d7b5c1e85d0700481194ccb
CUST_00000081,3.3,Android 14,False,8.3,6.4,9e2e86a22bbf23629f1c6b84871959b8
CUST_00000082,0.1,Android 10,False,9.1,3.0,f44d4ac432895a32034a17ae48a4d26a
CUST_00000083,6.4,Android 14,False,5.8,6.7,71b1b6e07a22935b9febd87719f7970a
CUST_00000084,0.9,Android 13,False,6.8,2.4,72125515806fc6bf7ac194e28d867704
CUST_00000085,0.6,Android 12,False,5.0,5.6,94bcb603725f5196d12a5745bac87a78
CUST_00000086,3.0,Android 13,False,3.6,3.4,398d6bfda3a7500aa9c9328d7d90bf95
CUST_00000087,3.4,Android 14,False,1.1,5.4,50483968d196f57f5ac7e6de20c9bbe1
CUST_00000088,0.8,Android 12,False,7.1,1.0,09d9286e778238c32e4e040f51a34f25
CUST_00000089,2.6,Android 14,False,3.8,6.9,f8752cd43902fe462c9523daee14a570
CUST_00000090,5.2,iOS 17,False,3.8,6.9,91fe045550b89a7561a90ee58cc20197
CUST_00000091,1.8,Android 12,False,9.1,4.1,b41bcbf01ffdcd28dd6e9389a53ace29
CUST_00000092,0.3,Android 13,False,0.7,0.6,49baeba9bfcb18a9e3cbcf1393324cde
CUST_00000093,3.5,Android 14,False,5.9,4.7,264d672cf20aa05917af0e51d0ae70fa
CUST_00000094,2.1,Android 13,False,2.3,2.4,44e892348cf9969d6479083cfe395ce3
CUST_00000095,0.4,Android 14,False,8.9,6.8,0619a390e2a4a82b410089f8e7f63e5a
CUST_00000096,0.6,iOS 15,False,9.7,1.0,229f42a6df31acc201c79288475af31a
CUST_00000097,2.3,Android 13,False,6.3,5.0,eb60b3534d094997bc0bad50de3122ae
CUST_00000098,0.3,iOS 17,False,9.5,0.8,bb584ebf71c5208a7ba89354adb4a37c
CUST_00000099,1.3,Android 13,False,2.0,4.5,22d5ea76a0e1323246abd0b165f41b17
CUST_00000100,0.4,Android 13,False,9.7,4.3,d8ec857fd1cfe7a5f5a43e55d0a6137b
CUST_00000101,1.3,Android 12,False,8.2,4.0,8f8b1fdc50b7c2841461c0466674e05a
CUST_00000102,5.3,Android 14,False,9.5,6.4,2ada63dc09c7bee818fc7b450f6a2385
CUST_00000103,3.0,Android 13,False,8.7,3.2,e1efb899b89e30f37319b1811f935dd3
CUST_00000104,2.4,Android 14,False,9.9,2.9,57b1003dbf5279882c3887bdfaa19a7d
CUST_00000105,2.9,Android 13,False,8.4,3.0,e727a2c9bb33d1b84184871fbbcf0d72
CUST_00000106,0.9,Android 13,False,0.7,3.2,a00f5d0d6090efe3eb388e18f0e2af82
CUST_00000107,7.0,Android 11,False,5.6,7.0,5629f913b87094b924412fa9211068a2
CUST_00000108,1.6,iOS 17,False,4.6,6.0,be5e154cf936449a239cfbd7b0e806bf
CUST_00000109,1.1,iOS 17,False,6.7,4.4,a86c7a51ad02fe65f6f62ab7985c6591
CUST_00000110,0.8,Android 13,False,5.3,1.2,c33a22d5b9e62d2d8cc821ec3d82d7a6
CUST_00000111,3.4,Android 13,False,5.7,6.0,27a620fe9d747f6f50566780d37c3a15
CUST_00000112,0.1,Android 13,False,7.6,1.4,d80a4ed25da5cfc16a7ba2c5c2525c72
CUST_00000113,0.3,Android 12,False,0.2,1.9,951df7a0645c2a3598e93025e69d67a1
CUST_00000114,1.4,Android 13,False,9.1,3.0,3dd275e50902d7b7bf7899fef6fd1ba1
CUST_00000115,2.3,Android 13,False,6.3,5.6,2ef8cf62a903aa894192ede7b140c94b
CUST_00000116,1.4,iOS 17,False,5.0,1.5,bb345cb3dcf233527fe03a98db067d63
CUST_00000117,3.4,Android 13,False,3.4,6.9,7491b6b9cc3e6bfc8b549ca203cf7806
CUST_00000118,0.2,Android 14,False,1.4,1.0,3f0df4cf704442e5678a590850222155
CUST_00000119,0.9,Android 14,False,3.5,4.7,98f937bd69e7a7645472f0fa31759422
CUST_00000120,0.9,Android 13,False,2.0,4.8,d0bf371604218c6d6ac0bda946c243a6
CUST_00000121,0.5,Android 14,False,1.0,2.3,a900069d7a9b7010ca48a113f21103b1
CUST_00000122,0.7,Android 13,False,5.1,1.8,99d62cd130ab796c57e83a4fa6689ec6
CUST_00000123,3.6,Android 14,False,0.9,5.7,c8fb82d893a2209a88d17a95f19792f8
CUST_00000124,0.3,iOS 17,False,8.1,0.9,d2557dfe118f65c17b880bd36c84cb1d
CUST_00000125,0.8,Android 14,False,4.9,1.9,25a44d1c15086e7d5027ffd5b4e9ff15
CUST_00000126,2.6,Android 13,False,0.5,3.5,a7abc46e8c310e7b7ff372a064a870cc
CUST_00000127,3.3,Android 12,False,5.4,6.3,17be79298d71eda20b30b1237814d119
CUST_00000128,1.0,Android 13,False,2.8,4.0,2b8ec8fa8d25409fa27da44af20f2e79
CUST_00000129,0.6,Android 14,False,3.3,2.6,522cffbb4fa991784c0c2bbeb10052b2
CUST_00000130,3.0,Android 10,False,7.9,4.4,9327e920382dcedae0df655d018ba029
CUST_00000131,2.4,Android 14,False,7.5,4.0,affec2110ef9860e9824f3ddea20a514
CUST_00000132,0.9,Android 14,False,6.5,2.3,2ca8e32cd2d06791fee3eb94ae4b5f8a
CUST_00000133,4.2,Android 13,False,2.4,6.9,fd399ec8109b04ae7e69cef16f88db41
CUST_00000134,0.4,Android 14,False,1.9,2.1,044e5370e5c310b58adca27c428882e4
CUST_00000135,0.6,Android 14,False,5.3,6.3,e4933b800232ee7daf55f8fe9d98183a
CUST_00000136,0.5,iOS 16,False,9.7,1.2,e71f6428b070adcd22f476edcbfe2317
CUST_00000137,0.5,Android 11,False,6.7,2.2,a2d238325b5641c34b70d86d86571aa1
CUST_00000138,1.2,Android 13,False,7.7,4.2,283c409d1ff6a02564e472709ac028f3
CUST_00000139,1.7,Android 14,False,2.5,3.3,6b09ea2a4107563e178d259bd723342f
CUST_00000140,1.4,Android 13,False,1.6,2.4,0ae5df8a240742bd126644a0eccf82cb
CUST_00000141,0.3,Android 13,False,1.4,0.8,1cbe0be085b583cc454380e084f8adbd
CUST_00000142,2.1,iOS 16,False,2.6,2.6,796bc3e0ab7b133da8e20a42a43237b4
CUST_00000143,2.1,Android 12,False,4.2,4.4,8c642ee9faf61484161d54b8e6a4bfdd
CUST_00000144,5.7,iOS 17,False,1.3,5.9,f109696d3f57c37f3513e6e0c86b0f97
CUST_00000145,0.2,iOS 17,False,7.4,1.7,1da12d7b66c3485c5900ea5a949656d0
CUST_00000146,1.1,Android 11,False,2.1,1.4,c344f3ea60c4f1ae55ca6cffb55cec3f
CUST_00000147,3.9,Android 14,False,5.3,5.8,bc53e556543f09e4822291ebf9273dfa
CUST_00000148,2.5,Android 11,False,4.4,3.1,8ebeb70387cc5048de516a7c4882db46
CUST_00000149,1.9,Android 13,False,5.1,2.5,71190f6fa8946c833f3cacf96a0443bc
CUST_00000150,1.7,Android 10,False,9.1,3.0,8b7f735cf0b447ab0fe507c9511e8721
CUST_00000151,4.2,Android 14,False,3.4,6.6,06f91628f03818a593da34a9363171d8
CUST_00000152,2.4,Android 12,False,8.9,4.5,5005636084de5fd715a0e79a615d9eba
CUST_00000153,0.7,Android 14,True,7.5,2.5,fc836d30471dd21b9431b54b8cae7452
CUST_00000154,4.8,Android 13,False,3.5,5.5,8aa8a54b81115e0c5e3abc3f65e726a0
CUST_00000155,0.9,Android 14,False,4.0,6.0,de524fa470828211a3f035c645929cc5
CUST_00000156,1.5,Android 14,False,7.2,2.0,47457449ab5fba41e3b87442bbe7d4e6
CUST_00000157,1.1,Android 12,False,3.5,4.0,b99fe7dab1227dbf60053ed84a2434ff
CUST_00000158,1.8,iOS 17,False,4.7,4.3,cfc4e11dd64847b941f55eec7f3e5707
CUST_00000159,2.2,Android 14,True,6.2,4.3,aa078b0c2650b010f1b3f62f3c14d259
CUST_00000160,3.8,Android 11,False,7.0,6.6,518e459ae529032223ecfc36d31897f1
CUST_00000161,0.9,Android 12,False,6.1,1.5,2fda2ae38f3e3b9406b22408c866442f
CUST_00000162,6.1,Android 12,False,4.6,6.6,3e715058cb9c7e252223c7ce69cdc90e
CUST_00000163,0.8,iOS 16,False,9.2,6.0,3f58659854bab8adf5e9e51dc67d0664
CUST_00000164,1.8,Android 13,False,0.6,4.3,753661bbd6fdd7587985c9c0d8729752
CUST_00000165,0.2,Android 11,False,4.0,0.5,fe85a393997fb19093cf868fbad12ae9
CUST_00000166,1.0,iOS 17,False,7.4,2.8,e620ff4b166d9c838df72474ec43342f
CUST_00000167,0.6,Android 14,False,1.8,3.4,ee29600c1a2d7a5000c2ebbfa2ead6f3
CUST_00000168,2.4,Android 13,False,5.8,6.4,8faf33915110b95ded7640ead8c3b85b
CUST_00000169,0.9,Android 14,False,9.6,4.8,1197fa13026d405ccec428dbaa26866c
CUST_00000170,1.1,Android 13,False,5.1,1.1,dff9694cfba4bfa3ef6460ef6517a570
CUST_00000171,1.2,Android 14,False,9.0,5.4,7603184d97653b8b7da119509f1c7b2d
CUST_00000172,0.4,Android 14,False,5.7,0.7,b6e76bd38bc3d45e26de96afc1e2790b
CUST_00000173,1.8,Android 12,False,4.5,3.4,73fe5948e82f80e4b859ea600a967e6f
CUST_00000174,0.4,Android 13,False,8.6,1.5,65d79983fc4fea57d93e1f38cd397a8a
CUST_00000175,1.5,Android 13,True,4.1,2.3,30290102e808b169dd2b63f0fe1001f1
CUST_00000176,3.5,Android 14,False,0.4,5.2,bc29df8d3cfa92ca38ec5834c77d6cb7
CUST_00000177,0.2,Android 14,False,1.1,4.9,d17619ededfb889e0aef3d0fabc5a2d2
CUST_00000178,1.2,Android 14,False,1.1,4.7,0079738eee41fe8f6a3370027d6755d2
CUST_00000179,5.1,Android 12,False,4.0,6.1,8f9389585795d22bbeb83fff6e99dca9
CUST_00000180,2.2,Android 14,False,0.2,2.4,7d53e8a9e27024f818174f2d9b781deb
CUST_00000181,0.2,Android 14,False,5.9,0.7,93016c17e2ff19a4f0e249a212c97fd2
CUST_00000182,2.0,Android 10,False,2.7,5.8,6aef606721da4aec05a3773149637b8f
CUST_00000183,1.4,Android 13,False,4.2,2.2,fba398588b351653b810e005c76db911
CUST_00000184,2.3,Android 13,False,7.7,2.4,37ca11e4ab8afd940d8aa210f2f77aa5
CUST_00000185,3.3,Android 11,False,8.0,3.7,12ffafe86dc713be1437b9dad16dd141
CUST_00000186,1.2,Android 14,False,6.4,2.2,26673adb39f7a9f5ff108f0e30d5cc15
CUST_00000187,5.8,Android 14,False,5.3,5.9,1e72868a6c4250ccbb9371cee1d88811
CUST_00000188,0.6,Android 14,False,1.3,0.6,9c780c24d98d8f164fa385bad74dfc10
CUST_00000189,2.7,Android 14,False,8.3,4.1,0aa3071dc56c036722666c7ccdf04035
CUST_00000190,1.3,Android 14,False,8.8,1.4,3db014e9a0d4d7d6af9afc71fac5be81
CUST_00000191,0.9,Android 13,False,9.2,4.8,d6d9408bc8a384510b2d2743fc4d2242
CUST_00000192,0.3,Android 13,False,1.7,3.9,321f54a2588224194881adafc5eb94e8
CUST_00000193,1.2,Android 14,False,4.0,4.4,a9e98b0ae0d289236775839b815a9d08
CUST_00000194,1.6,Android 13,False,5.7,5.2,a8a3c226bd0fc13cb99706442488eaf6
CUST_00000195,4.9,Android 12,True,2.2,6.6,516d1ab3e182a5065bd6e4f4f01d941f
CUST_00000196,0.3,Android 14,False,5.0,4.4,c4f096af522c6e56a080c205df6dcaff
CUST_00000197,0.7,Android 14,False,0.8,5.5,75685e2fd4c726cbba74601e6856f2ae
CUST_00000198,2.2,Android 13,False,2.5,5.0,38445fb80c1e9939d235f907403c7cbd
CUST_00000199,1.4,Android 12,False,5.9,5.0,8bacea6af31d9eeeea11cd905a27aef6
CUST_00000200,1.0,Android 14,False,9.5,6.5,fba54a122f225dcec97976a58307e8b6
CUST_00000201,3.5,Android 14,False,7.3,4.0,9b56958287cb5476340cce90870b0df7
CUST_00000202,4.3,Android 12,False,2.6,5.0,96a1273a98ee4a31cb0d6c67f0f13e13
CUST_00000203,6.5,Android 14,False,0.5,6.9,3bd713e7384c3f2fe01516ac0a8c0ead
CUST_00000204,1.0,iOS 17,True,9.2,1.7,82102b6d83f00a6037abb9620e559ceb
CUST_00000205,2.2,Android 12,False,9.7,2.4,3d42a1ced3835c38af7ee4ecd561f118
CUST_00000206,5.2,Android 13,False,3.3,6.1,53448b0717bc2443742384bc53eb6985
CUST_00000207,1.1,Android 14,False,1.3,4.4,109d524e0969b74e19eb70b43cb1291d
CUST_00000208,2.0,Android 12,False,0.7,2.7,4ca9271b8fd3e4b64754fedf90d96eac
CUST_00000209,1.9,Android 13,False,6.3,5.6,1f5042aa67a3619b7021937dc95a4c08
CUST_00000210,0.1,Android 13,True,8.7,2.0,23b6e8fe64138a4637cea621128be8ba
CUST_00000211,3.7,Android 11,False,8.0,3.9,0098be7cc294434b904f98391e71cb99
CUST_00000212,2.3,Android 13,False,4.9,5.5,1852b490b7f515f865f6c0d955f9a529
CUST_00000213,5.3,Android 11,False,4.2,6.9,7baa55a5b26482e38429624b132dec9c
CUST_00000214,0.3,Android 12,False,3.6,2.1,ad7f0b0d068b291e15aecdc6f81c285e
CUST_00000215,0.2,Android 14,False,0.3,2.0,ea60e9293b671163ea95e11689830a18
CUST_00000216,2.1,Android 13,False,2.3,3.0,64702c4ac99a6cd8c67d027ae60e4d07
CUST_00000217,0.5,Android 12,False,8.8,1.1,226a95479a8dab71b65bf44c657053b2
CUST_00000218,0.8,Android 13,False,9.9,4.5,4da93707998f624fff5641055569cb5b
CUST_00000219,2.9,iOS 17,False,5.2,4.7,3308af8b9880c0352bb5f6586133e035
CUST_00000220,0.4,Android 14,False,7.8,1.9,b72fc1aa4bd8b6f5bb4874e30fc11b9b
CUST_00000221,6.0,Android 14,False,9.3,6.8,b87d0dc9fe912631b1afb53ca11d69df
CUST_00000222,2.4,Android 14,False,7.0,3.1,79efc5b881e2b6221123e341227b3a47
CUST_00000223,0.5,Android 11,False,5.4,2.0,98dc774d7503b735eb5eb391d83fd2b4
CUST_00000224,1.0,Android 13,False,2.7,1.1,7e98db545c951b618ea7b861e852c1b0
CUST_00000225,5.8,Android 10,False,8.1,6.7,6afdd7a3fd851deee5085e221a2c45c5
CUST_00000226,0.5,Android 13,False,3.8,1.1,5f401d4b6a126208c0cf8b64b570fdbd
CUST_00000227,0.4,Android 12,False,2.3,3.7,2320cc71605d5119dc4a1192f8b609d9
CUST_00000228,3.0,Android 14,False,4.9,6.0,2c125eda15200030a9c17038fa1a84e8
CUST_00000229,1.9,Android 11,False,5.7,2.8,5896c2d3d2fce4fe5ac9b30245181d5b
CUST_00000230,3.8,Android 11,False,8.5,5.7,b765004c6a2897a4c9f250420b45aede
CUST_00000231,4.1,Android 12,False,6.8,5.9,f78eeac7790f268b053c9577503eddd4
CUST_00000232,1.3,Android 12,True,8.7,1.5,16f9162b7cb5bc3edb73098d6cc0c5cb
CUST_00000233,0.5,Android 11,False,7.5,1.3,3fff68ad395f22d5beeb69168076b8a0
CUST_00000234,3.0,Android 11,False,0.2,5.9,def8e0e942b1e6942e927caaba32f5ca
CUST_00000235,4.4,Android 13,False,2.7,6.9,3de918b95ec13c1a2e41d3ea79277e78
CUST_00000236,0.7,Android 13,False,7.6,5.6,f7c75a2bbbfa7dcbdf811838dc4f4506
CUST_00000237,1.7,iOS 16,False,9.3,2.7,77462011727812511dd1579c28845ba8
CUST_00000238,0.4,iOS 17,False,3.1,5.0,57337d4518b65ce779f7c44fc35b19a6
CUST_00000239,1.6,Android 14,False,6.2,4.3,d1d05bc2a86aa3572ab639db2f754b81
CUST_00000240,6.6,Android 11,False,7.5,6.8,1543a423b07d80d96645f2f5b576dda3
CUST_00000241,0.1,Android 12,False,3.3,0.7,793e3c4acefb7658d2a974a7f4d082c8
CUST_00000242,2.2,Android 12,False,2.8,4.9,99333e3df532a574cf388ac9f7697773
CUST_00000243,0.6,Android 13,False,8.0,3.4,d41d59c9ee1886ec1149822b050b25cf
CUST_00000244,0.7,Android 14,False,6.6,1.0,bc4d5e83db514e7f8f0ddd425e7a649f
CUST_00000245,0.7,iOS 17,False,9.4,1.5,9773a5e3478373080316b84678c99f47
CUST_00000246,0.9,Android 13,False,9.8,3.1,50c89925c4ba58695ca0363bf330efab
CUST_00000247,0.5,Android 10,False,0.4,2.0,221da759accad6d7159148052af28c73
CUST_00000248,2.9,Android 13,False,9.7,6.1,4fe78f8649029036953d96af15b889de
CUST_00000249,4.3,Android 11,False,8.5,5.5,267519b5848beb136c2e33d91e07abf9
CUST_00000250,0.1,Android 13,False,9.2,1.4,543009e1d6fc0feb953f636eef5cf588
CUST_00000251,0.5,Android 12,False,1.3,3.6,475bf00e616d1f434f454d7c3d40197d
CUST_00000252,0.9,Android 13,False,0.7,1.8,97a8e1d5660b52cd00b7bea0731762ed
CUST_00000253,1.8,Android 14,True,4.6,5.7,67ee282de438d2ca5d0bc29a0b03fd1e
CUST_00000254,1.5,Android 14,False,6.0,3.1,24c9c3f1f36d3fb513a1558ddd9863c6
CUST_00000255,4.8,Android 12,False,0.5,6.1,14d147a98055953a470834821f2c434b
CUST_00000256,2.1,Android 14,False,1.5,2.1,c9131f0fe828bac19992b46d76ab4760
CUST_00000257,2.9,Android 13,False,0.2,5.1,738b2f15b90ea47ecfa3ad9ff47ae0d1
CUST_00000258,0.5,Android 13,False,0.4,1.1,94317fef1498d0b4bdce05daa407f8fe
CUST_00000259,0.8,Android 13,False,6.9,1.4,c7e0ce0481765ab115e41ff93d19ff7c
CUST_00000260,0.3,Android 14,False,6.4,1.6,861ee148afbd8695f1429716f1f356fb
CUST_00000261,0.4,Android 14,False,5.5,6.6,7cfc5ef85d7c16efe95cc3bb55a67925
CUST_00000262,4.1,Android 11,False,3.5,5.1,acd8c7a0452634608896914f74e3ab2d
CUST_00000263,3.5,Android 14,False,8.2,6.3,1db296ee8a331f5b53ad5d42d8de6f57
CUST_00000264,2.9,Android 13,False,0.9,3.9,42dd421d731f5f8c152df3f4cf2d9eea
CUST_00000265,1.3,Android 14,False,2.3,1.5,257da3d67e3b425f1808d380a29e3086
CUST_00000266,1.4,Android 14,False,6.6,1.7,8d9a18c4f355d6c94b1c2dac4d5090fc
CUST_00000267,1.3,Android 13,False,10.0,5.2,f30e524c2ad44094ae73a3dba3f7fd0a
CUST_00000268,1.3,Android 12,True,0.8,1.8,dd9cc0ae9aca1fdd008691ef813a6c0f
CUST_00000269,3.1,Android 14,False,7.3,3.5,e711f6abfabdb33c8655256426471c8c
CUST_00000270,1.1,Android 13,False,9.9,2.7,a3e36de967842d791d4764bbc7e27065
CUST_00000271,1.9,Android 11,False,7.3,4.3,013300f2584d85ef93ac2bd11c6c9123
CUST_00000272,2.8,Android 11,False,2.8,6.4,db1b45c1a28256918831c807a7a8c7d2
CUST_00000273,1.2,iOS 17,False,6.4,1.9,fe6626fb990ca7c9ee414687c69b443b
CUST_00000274,4.7,Android 14,False,1.9,5.2,aef47d26343859113ff9c9e52c9dee23
CUST_00000275,1.5,iOS 16,False,5.0,1.7,fd36dc91ee949e23b311186e503aac19
CUST_00000276,1.8,Android 11,False,3.7,3.4,3beffa7f249c8a33f73d16f5c65402bc
CUST_00000277,2.9,Android 14,False,2.7,3.0,d1307b559043943d9691068ca67fc7cb
CUST_00000278,0.8,Android 14,False,9.7,5.5,642e4fb3538d323e7c25f72b85d5ed64
CUST_00000279,0.3,Android 14,False,5.2,1.0,9b8de9c30964e4e6d9b8793d84c7245b
CUST_00000280,0.9,Android 11,False,6.2,3.3,0988646282d405be9ffdc1ea2df798ee
CUST_00000281,0.2,Android 14,False,7.4,1.6,c903489c257bfa0dee6416e269171477
CUST_00000282,4.9,Android 13,False,5.9,6.0,422b11fc7dc3eafd9c7a450299fc42e6
CUST_00000283,0.4,Android 14,False,0.7,1.2,a25a5bca70e82fb075dfc39a841c7b6a
CUST_00000284,0.2,iOS 17,False,4.6,0.8,b4c95c103df97dcbf0b8319929b72862
CUST_00000285,0.3,Android 14,False,1.6,3.8,716fc21ae548858056ae4a24dff4c1d8
CUST_00000286,0.5,iOS 16,False,6.4,0.5,f3f5e50301a9f90e75351b6dcfb2d7ba
CUST_00000287,2.0,Android 13,False,6.7,3.9,485d903525503f04a96879d08e0291ca
CUST_00000288,1.8,Android 14,False,2.1,2.5,10fc046fd229ed1ecddb63e74de3a542
CUST_00000289,0.8,iOS 16,False,4.5,1.1,d66b0a50be4ab0be4237e34fbf36556d
CUST_00000290,4.2,Android 14,False,9.5,5.0,8e5d98f9d0bfffd4393e5b960a6eae80
CUST_00000291,3.9,Android 13,True,5.7,4.5,f03fae8cb27c09df544bce1835eef7de
CUST_00000292,3.4,iOS 17,False,2.2,5.0,5c3463c35f53c39400df00098f1a3a0b
CUST_00000293,0.6,Android 13,False,6.6,4.7,f91879b1fbae79f90452417e302cce45
CUST_00000294,2.9,Android 14,False,8.7,6.9,bb2eae35f075660843f141b2345530c9
CUST_00000295,4.7,Android 13,False,4.1,5.3,00d2c7eff0fec4e0cbf639d0f4a22c1e
CUST_00000296,4.4,Android 12,False,8.0,5.8,43ea1cf4c051db756fd2faab8b929ce2
CUST_00000297,0.8,Android 11,False,0.2,1.3,724f09078f4b6bc5294b5a0fdc3e7870
CUST_00000298,2.2,Android 13,False,3.9,3.1,5215dca2c9d630191db7b86d8d689639
CUST_00000299,0.7,Android 14,False,0.8,2.9,f4a4adc57198b95fc02fa3aa54ba24be
CUST_00000300,2.1,Android 12,False,3.9,4.5,9bbfef01ebc81923539630f010a9855b
CUST_00000301,0.2,Android 13,False,3.5,3.6,59400d66e680aad8d5410bff9c048db3
CUST_00000302,2.3,Android 13,False,6.1,4.3,77fbcc6fed77232422a151cd704f9639
CUST_00000303,5.0,Android 11,False,0.3,5.2,427939cfa17da27fc9365247737370e8
CUST_00000304,4.2,Android 14,False,2.5,4.7,78a198d7e5509b110c5390911f0624bd
CUST_00000305,2.4,Android 14,False,1.1,6.6,fc3adfe06340f5a2fcef49f679c6c106
CUST_00000306,0.8,Android 14,False,8.0,2.4,2d2584dcd705cd6aba07019d5dac590c
CUST_00000307,3.3,Android 14,False,2.8,4.5,e27ab55568a9bfc064c16c052b89905d
CUST_00000308,1.2,Android 14,False,1.9,1.7,8338bf0d470de49d4b30b2f9083e4f04
CUST_00000309,0.7,Android 12,False,2.6,1.2,607fc75c4f52d990ae5167a485af4c28
CUST_00000310,3.2,Android 13,False,0.5,5.7,c5074e8a42fe00524a6b8f33a105ec43
CUST_00000311,3.6,iOS 17,False,8.9,4.4,f91cb606bbc1d4cd5483ba59d5f061a3
CUST_00000312,1.9,Android 14,False,8.4,4.5,ecb71bbc3a9932faf58c3f2af9deea11
CUST_00000313,1.6,Android 13,False,2.8,2.0,04b7cbab9c67934d68aae189f697a790
CUST_00000314,0.5,Android 13,False,6.3,4.8,1b5072fb7ead431bf9dac4fa4167d9e8
CUST_00000315,1.2,Android 13,False,8.6,1.6,277e0dc1815e2ba78ef28c320192aa8c
CUST_00000316,0.5,Android 14,False,6.1,0.7,33401e550eedb89bb25e36b7ec6cb3d6
CUST_00000317,1.8,Android 14,False,5.0,3.0,f055053ac3089852ccb36de4b829a6c1
CUST_00000318,2.1,Android 14,False,4.3,5.0,8fbc61609ed6eed83889ffec6a003fc0
CUST_00000319,1.0,Android 12,False,1.1,6.9,82a953a9c3e02c5b99f3e0f45e6141c2
CUST_00000320,0.3,Android 13,False,0.9,2.3,972d44b6b852d692bc8909a7b75ffd5b
CUST_00000321,0.7,Android 14,False,3.6,2.6,45e962eff52198b575366abd8285a535
CUST_00000322,0.7,Android 13,False,2.4,0.9,3ef618d7d90462980c890f10d42199dc
CUST_00000323,2.6,Android 10,False,3.3,4.7,5b576738f914b0639f7a3ce97118032b
CUST_00000324,4.7,Android 12,False,5.6,7.0,6a5ae16cc3cb4331e7799937195bddf8
CUST_00000325,0.5,Android 13,False,9.6,0.9,e27433ee6047a5b97009bf0b44497f22
CUST_00000326,1.0,Android 12,False,1.1,1.8,caf6455ea0965f6ca849925a373a01a7
CUST_00000327,1.9,Android 12,False,8.0,2.8,a39daaa45c014a013fcdfbdc8d709840
CUST_00000328,0.6,Android 14,False,9.9,3.1,b98db2e42bd451421a6778f1a9f0d5dc
CUST_00000329,3.2,Android 13,False,6.3,6.0,604423a6927d7fbfaeebe6aec373f598
CUST_00000330,1.1,Android 12,False,7.8,1.3,e691cd2e212d88604630e23ccf38c9a2
CUST_00000331,0.7,Android 14,False,3.7,2.5,2032611c248934c3fa5db2e6f4c0921b
CUST_00000332,1.3,iOS 17,False,4.0,4.1,38e9eb94f08669c2d5bcb88660fac421
CUST_00000333,3.6,Android 13,False,5.0,3.9,fa925f955b1f78095d17d2a0c45689ce
CUST_00000334,1.8,Android 11,False,1.3,1.9,de9d0aa0ac0cc2adcbf02a0f35bf1f18
CUST_00000335,5.4,Android 13,False,8.1,6.2,037bf5af439d75891b3a5ee713576b41
CUST_00000336,0.5,Android 14,False,1.8,1.0,9e3feea3319c124edfb6f1bfef961d7f
CUST_00000337,4.4,Android 14,False,8.2,6.8,69b57a5a41924bf6a6df40642801e771
CUST_00000338,3.2,Android 11,False,6.1,6.5,0df0cd24002b370f8c03aa05b8b8ca76
CUST_00000339,1.6,Android 14,False,1.5,3.8,be3f78558617dce11a2d406ca4ae6976
CUST_00000340,0.2,Android 14,False,9.6,0.7,2152df08b91851df85879244d9650984
CUST_00000341,1.1,iOS 16,False,5.1,3.3,53ea8c3a225af4b59f46cb3c41e3d44f
CUST_00000342,1.1,Android 14,False,6.2,4.7,c78a2459143a1342869a34373da6fe0e
CUST_00000343,0.7,Android 14,False,4.7,0.9,67c6f5cc48c1ccca503bdf71c44e5945
CUST_00000344,0.7,iOS 15,False,9.8,0.9,666370e247a5f3cdfb11a583aeebb63e
CUST_00000345,0.5,Android 14,False,1.1,1.3,eddc71255b4d16c52889c8fd277e7b50
CUST_00000346,3.8,Android 14,False,8.2,3.8,ea286586cc19c02d9983d335c94c88fd
CUST_00000347,2.5,Android 14,False,4.3,4.6,1412857e522f58d58d63f66c171c3880
CUST_00000348,0.7,Android 10,False,3.7,3.4,c2e08bff2afef1375d4a058c7bf18a4f
CUST_00000349,4.1,Android 11,False,0.2,5.3,8254530e8214c5c0256b4717fb75b0f6
CUST_00000350,0.2,Android 13,False,7.6,0.6,50bf5b2c9b14c32de89a4323769bf9e4
CUST_00000351,0.1,Android 13,False,2.5,1.9,00f9e441e83b1aaf908762bc39a93bc0
CUST_00000352,3.3,Android 11,False,1.2,6.7,371b1808d68f16c6d909d32fb302d2e1
CUST_00000353,0.7,Android 13,False,4.9,6.0,a9772ffc131161b68d66a35c544706e8
CUST_00000354,2.6,Android 14,False,3.8,5.3,09b2463bda91e220acf60084c3b91c9a
CUST_00000355,5.0,Android 13,False,9.6,5.6,e9ccbb000330bf44b44fbeb1dd04a6d0
CUST_00000356,2.2,Android 14,False,2.6,5.0,10d736d431432158002d3582c0c9b111
CUST_00000357,3.0,Android 14,False,6.4,6.4,03087c132142915df17e4c90b6979cda
CUST_00000358,2.9,Android 10,False,0.8,4.6,a73f363264c0d6b86bb234445b8e8dcc
CUST_00000359,2.8,Android 14,False,6.8,5.3,7e49607478c0bca6be1f96f927a1de49
CUST_00000360,0.5,Android 14,True,0.8,5.2,c26ccdf11d71d208210ab76594a41024
CUST_00000361,1.9,iOS 17,False,3.0,5.3,c1b984fd2558072a1d4f96c77658cad6
CUST_00000362,1.0,Android 12,False,1.8,4.8,bfdc2efcaba89c947a140a6b906e2365
CUST_00000363,1.5,Android 12,False,0.3,5.5,e70f3accf6f1f81ca51bf49c21ebd4bc
CUST_00000364,1.9,iOS 16,False,6.3,2.4,b049c0e0a64f8a59a78d5b9a5dd1b26f
CUST_00000365,0.8,Android 14,False,7.8,1.3,676f51360706e0682b21c3b2fe67249e
CUST_00000366,0.8,Android 13,False,8.0,0.8,454f1cd62f8131f63e38cb5b72f9abb1
CUST_00000367,2.6,iOS 16,False,7.5,4.4,60b8e13f6f4f1866b76860049c1ff7c2
CUST_00000368,0.5,Android 12,False,9.3,1.3,d5a8b12727e0282d2eb9246f2dfc1e9a
CUST_00000369,1.5,Android 13,False,6.2,3.3,12cee0530963949321243cc4c1269238
CUST_00000370,0.3,Android 14,False,8.9,1.3,c814ce437430c13c08280f3fd5caff7e
CUST_00000371,5.0,Android 14,False,8.5,5.8,59c3b76312667bc12de0c1db465aa51a
CUST_00000372,2.5,Android 14,False,8.4,5.4,c02bdbafe830084d07f516f677f1825b
CUST_00000373,0.9,Android 12,False,5.5,4.8,b1a2c51642139d13b1b0cecdba910bc6
CUST_00000374,0.2,iOS 17,False,1.4,0.8,c4d5df102e4bdf39bf8235e4c6608446
CUST_00000375,1.0,Android 11,False,8.4,1.9,f3c7761227a4fadb1f90b3ea3bf028e2
CUST_00000376,2.2,Android 13,False,3.0,4.3,a10011557be679b74d80ae10f8a9faef
CUST_00000377,4.0,Android 12,False,7.6,6.2,d6bae26da2e421ca27c43aaeb9671809
CUST_00000378,0.2,Android 13,False,7.3,0.6,fbda9fde767a329d97cc674853ca4292
CUST_00000379,2.5,Android 14,False,2.1,3.1,8a0ed060cf42bcd85d9cd5b8c1f75722
CUST_00000380,0.9,Android 12,False,3.6,4.5,1f650e15e1c1f29a62270a1c4a0fdc21
CUST_00000381,0.4,Android 13,False,0.4,0.5,03cdf436e1a99adb1a08590b38d639e2
CUST_00000382,2.5,Android 14,False,3.3,6.7,20bdbec489bac438b7625a5df8d75ad0
CUST_00000383,6.2,Android 14,False,3.7,6.2,c04598472c2bfeb1a4c82a254d023e44
CUST_00000384,3.8,Android 12,False,4.0,6.3,95f4bdf0e5fd4ec95a25a16c84c5725a
CUST_00000385,0.3,Android 12,False,3.6,0.5,fdc4bd03b1e9baca6bd17daa863e89ff
CUST_00000386,2.1,Android 14,False,6.5,4.3,bfb7982e37422ba418ad3657152a6742
CUST_00000387,2.3,Android 13,False,6.1,4.1,b4899cfbea02dc899606b8f360fdeef8
CUST_00000388,1.9,Android 11,False,5.0,2.3,518dc946dc6e5a9eada0c1e15f68fc66
CUST_00000389,2.1,Android 14,False,7.1,2.7,30f364f723109653b32ca4c9666d4114
CUST_00000390,0.6,Android 13,False,3.3,3.4,497a1f00be71fe496bf49eeecf13d0e7
CUST_00000391,1.2,Android 14,False,7.4,1.9,f8176763b5efbbf894d7a5c4ed4e4833
CUST_00000392,2.0,iOS 17,False,6.4,4.7,1959e0d25dfe205db0f5174e64783480
CUST_00000393,2.7,Android 14,False,3.9,3.2,f52abea43fd389cb0729cbdd54d51da0
CUST_00000394,0.7,Android 13,True,3.4,1.7,2e4ca2457ae6a594716083e8a9036a3f
CUST_00000395,1.7,Android 14,False,5.2,5.9,7ad407f43b34b01c9d498d3376942506
CUST_00000396,1.0,iOS 17,False,8.7,2.2,602d2bca79210da757dec7d901fa8bc3
CUST_00000397,2.7,Android 14,False,4.9,5.7,2be7419d3823dd9f9db44ea5f39ea8d2
CUST_00000398,2.6,Android 14,False,4.4,5.2,c3b0055867ee32a28cba7d6bab3da235
CUST_00000399,1.0,Android 12,False,1.4,1.5,433bc564592d6abe0bc9af229623f320
CUST_00000400,0.6,Android 12,False,0.7,6.7,e018844b7852f69f81073b641cce232c
CUST_00000401,1.9,Android 14,False,2.6,2.1,f0d9bcef2ca0fe870e87171779be2a9e
CUST_00000402,2.7,Android 12,False,0.7,3.4,7c2a9040067483290c065aa17452fa42
CUST_00000403,0.8,Android 14,False,1.5,0.9,04701dacca81a1c331ac4536421af5d6
CUST_00000404,2.5,Android 13,False,0.3,2.8,9064cb863936d76657f43e3915a5973f
CUST_00000405,3.8,iOS 16,False,0.6,4.1,e20e6adbab7028a76253d6cb8ee642d4
CUST_00000406,5.2,Android 14,False,2.6,5.3,a488ff85134894c9234f7b70b1569082
CUST_00000407,2.0,Android 14,False,9.7,4.2,0dd069ee41b9ff3877e2b50e631e80d8
CUST_00000408,0.3,Android 14,False,2.3,1.2,bad66ba9b5106084499da1e8fecd8811
CUST_00000409,2.2,Android 11,False,1.2,4.1,a81f45d6c906c93ef8d5919a6ce720f8
CUST_00000410,0.7,Android 12,False,5.5,0.9,9cde5adaa7eb583cb4731455e2f88a33
CUST_00000411,0.7,Android 13,False,9.5,3.7,937092d6817317c5fb40679ba78d47bd
CUST_00000412,1.5,Android 12,False,6.5,3.5,a73f98086129b5bf0e463fcfc81e358d
CUST_00000413,3.1,Android 14,False,4.6,3.8,d59e263b2cb723ed5b2e5fb9e7bc121e
CUST_00000414,0.5,Android 12,False,1.7,1.8,f41d915d12135a044ff1a5b0585ae421
CUST_00000415,0.9,Android 12,False,8.8,3.9,3da1925f320f5b5f830287c3d05697a9
CUST_00000416,1.0,Android 11,False,9.9,2.1,6f2efab5919b80c3aa332f669062e5bd
CUST_00000417,0.5,Android 14,False,9.1,0.9,3696405be070df229a8f9cd7036bb981
CUST_00000418,0.8,Android 13,False,8.2,1.2,75e320578d72dba5bde17526b60c8f88
CUST_00000419,1.5,Android 12,False,5.3,6.8,bc4ba4f1f31106c3630a4dfaf868ee19
CUST_00000420,2.8,Android 12,False,8.0,4.3,7205544c8b88bf8d96d5d6d70bc5d6f2
CUST_00000421,0.7,iOS 17,False,7.0,4.0,ae3a1aa4a34d9e8ee6f217aba30c389d
CUST_00000422,5.5,Android 14,False,2.8,6.1,2f2d930faedf3b45e997e61e7e43a355
CUST_00000423,0.4,Android 14,False,9.0,1.8,676c0200b7841c02d3cabf02d94f85f0
CUST_00000424,2.1,Android 14,False,0.9,3.4,6c383ec0ee9ec7bda4ba9d312d43737f
CUST_00000425,3.7,Android 11,False,4.2,3.8,4e8fe96e9b2b812cb30896ed8cb8efa3
CUST_00000426,0.8,Android 12,False,8.8,4.6,7dba6cd58808aa831af2e8436986f2e3
CUST_00000427,0.4,Android 14,False,5.3,0.6,5f6bc1e32b67cff63a7cf89b92fe69cf
CUST_00000428,0.8,Android 10,False,2.0,1.0,525b0ae9006096a879e38438db6cd30b
CUST_00000429,2.9,Android 11,False,3.2,4.0,2a8f98b6a6da3bef23cc53141c6bb6df
CUST_00000430,1.3,Android 11,False,5.0,3.5,fe667ed83e898fe2fbc64b09808f6455
CUST_00000431,1.2,Android 14,False,8.3,1.6,707bd97777e224771a6c3a778f32c45c
CUST_00000432,0.6,Android 14,False,4.6,1.4,e1201ea536b2aad5fb615c0e97107d38
CUST_00000433,1.7,Android 12,False,8.4,4.5,c70584893161efe058962d89d469a106
CUST_00000434,0.7,iOS 16,False,6.8,4.6,0732a2b3df4bdd1c03f2412e6d1ba8d8
CUST_00000435,0.3,Android 12,False,8.6,1.0,4a84d2a4bb5d27d2a0f398a892d2904b
CUST_00000436,1.5,Android 11,False,7.0,2.3,dce02fe5166dc62ca47d10799ea7fee5
CUST_00000437,0.2,Android 14,False,3.1,1.9,649b8aa91215f1800781b1c53071aa57
CUST_00000438,4.8,iOS 17,False,7.9,6.2,5c88aa844bf56b8c083b834686a6e61c
CUST_00000439,4.3,Android 14,False,5.6,6.4,fb8ff49cbcd76434c5c8425e70faaa0c
CUST_00000440,3.0,Android 13,False,5.5,3.5,87589e12bc230ec869ad09a3b996f2ad
CUST_00000441,0.6,iOS 16,False,0.5,1.2,6b60d20653f8baa1f4f77a78e6a97360
CUST_00000442,2.0,iOS 17,False,3.0,2.3,b7993a172602a8d59c0a1dcb4dbb86fd
CUST_00000443,0.2,Android 12,False,9.6,5.7,8b8ff4eba5c15ed53f9e8ea6ec237677
CUST_00000444,1.7,Android 14,False,8.7,5.9,b6f5d9b0503026a52ebc6f6b1984df7f
CUST_00000445,0.5,Android 12,True,2.5,4.0,bb82723aafbb53b0d2e3894e63b528bd
CUST_00000446,1.5,Android 13,False,3.0,2.5,169b6ad825f0cd120db71eb487f480ba
CUST_00000447,0.7,Android 12,False,8.5,0.8,5997a1013891679f6069ff10a369c907
CUST_00000448,1.2,Android 13,False,0.9,6.3,ba620f9f318309433c92bc08fe66bac7
CUST_00000449,0.4,Android 12,False,10.0,0.7,56da95adaef9ea528c777f55be27f0bf
CUST_00000450,0.8,Android 13,False,6.0,0.9,0c0ada4fb3832c5474aa24c5b5fc833b
CUST_00000451,4.3,Android 14,False,8.3,6.4,68103df30ab2cf7bc1246f08e1d02d2b
CUST_00000452,1.7,Android 13,False,3.2,3.9,acdba1b0799b70594688d774b0866a9d
CUST_00000453,3.9,Android 12,False,4.5,4.4,b87a86e8dc96bf93d85bba211baa65f2
CUST_00000454,3.1,Android 13,False,2.5,4.3,0bf7d64809a007c81b37de95e6d5381c
CUST_00000455,1.5,Android 14,False,6.6,3.0,a6a4ab9eaeab03d65e884a749e4bbcfd
CUST_00000456,2.7,Android 13,False,6.4,5.3,91aeeffb9abe70f6e0c853fe010c4697
CUST_00000457,1.4,Android 14,False,0.6,2.9,e2fe4958542c48c1bd804ce1ce864666
CUST_00000458,2.3,Android 14,False,4.9,6.8,ab5263029546a78d949df7d177ab63a2
CUST_00000459,0.6,Android 13,True,5.2,2.3,239d03ca39bad1e6564aa4fad0818ccf
CUST_00000460,0.2,Android 14,False,1.2,1.9,246995bf125d312252dceeb3e17c0080
CUST_00000461,2.2,Android 11,False,3.0,4.2,fbcf3d228cfb6d5dc2df09c166aefc12
CUST_00000462,0.7,Android 13,False,1.2,1.1,414ad87e2fe00d3847e5576f421380ec
CUST_00000463,3.1,Android 13,False,7.1,6.2,1ef179bfcf35814d3ec67152710b2122
CUST_00000464,1.0,Android 14,False,4.3,2.3,35c8dcb0dc5e49780e8e20caa1f5e92c
CUST_00000465,3.1,iOS 17,False,3.2,5.1,027043ad9a42149c9c03274117749f6a
CUST_00000466,0.1,iOS 17,False,6.4,5.8,718f361af425715e9721b0a043f44524
CUST_00000467,0.6,Android 14,False,6.9,0.9,db0c713347ab7c34ff7209bafd208343
CUST_00000468,1.4,Android 13,False,1.3,3.5,661dabeab5966e364482161f0b7f9279
CUST_00000469,0.2,Android 12,False,3.6,1.0,7f944317a4366dd8ddfe3d5032047f7e
CUST_00000470,1.8,Android 12,True,6.0,4.9,265ecf47a8ac77ffbc14114f7689ab3c
CUST_00000471,4.0,Android 13,False,8.7,6.4,7991afdba943170bcbc3d494822c3768
CUST_00000472,0.5,Android 14,False,5.4,6.4,b3b75a37fb20635d3c1fd22edb590433
CUST_00000473,1.0,Android 14,False,4.9,3.2,cfbb645e364e0dfa748e6e830dc02fe5
CUST_00000474,0.8,Android 14,False,3.5,1.3,d7b96d78bcad059687bbc73a8550dbe2
CUST_00000475,4.2,Android 12,False,4.4,6.0,b65c787e5fea98b47641d0706b37ff3c
CUST_00000476,2.0,Android 14,False,4.5,2.5,676fd496520cea90b455559244a24f1e
CUST_00000477,5.6,Android 11,False,4.4,6.1,e8c346eebc959fdc69665ae1fd252b78
CUST_00000478,1.8,Android 13,False,7.1,2.9,4ade88c5a72ddd70db52953b46b46312
CUST_00000479,0.7,Android 13,False,1.5,1.6,e961d15f6f5b39fe82b6ffd14fb16305
CUST_00000480,0.1,Android 14,False,6.5,1.5,8cc8a08c10971e2e640417158d706cc0
CUST_00000481,0.5,Android 14,False,3.2,1.0,e96a28863abb0f94921b3bc447697fa9
CUST_00000482,0.7,Android 13,False,9.9,2.9,9d26cbefa96d153cfb5afbec20cb3418
CUST_00000483,0.7,Android 12,False,0.4,1.4,1daedff3cca5066483f19c4cff6b149c
CUST_00000484,0.2,iOS 16,False,0.4,3.0,d12549d59e607140ceedd0c67bfc7a06
CUST_00000485,0.6,Android 14,False,4.6,0.7,a7bf8a98ff214a674dd2191866c6c885
CUST_00000486,1.2,iOS 17,False,3.2,1.3,a421e21e35aefd4ed23cd1ece544b791
CUST_00000487,5.8,Android 13,False,3.0,5.9,8d94e7471de47b9858e00bdd8d9f601f
CUST_00000488,1.1,Android 13,False,5.5,3.0,9239659fdcf62e16485e59e02a8795df
CUST_00000489,3.1,Android 13,False,8.4,4.0,636acc1b2095ef37d8be8a734a94f21e
CUST_00000490,0.5,Android 14,False,0.7,2.2,19219e1631767ed58e021f0189cfadc9
CUST_00000491,3.8,Android 14,False,3.5,6.8,af11e77f6ec00c3e4306299fb18ab804
CUST_00000492,2.2,Android 14,False,4.9,3.4,9e165d96cbfc7abc6829567a473d7232
CUST_00000493,3.9,iOS 15,False,5.7,6.2,20c343e9d806d56663fc8b9a360a1370
CUST_00000494,0.2,Android 14,False,4.8,3.1,a24a6af653c4ad6009f63ab92a4a18c4
CUST_00000495,6.2,Android 14,False,7.2,6.8,8e45c8070add3164b223db984b0cf688
CUST_00000496,1.0,Android 11,False,1.3,1.3,a992e0502696aae2b9fee998aecba633
CUST_00000497,5.9,Android 14,False,1.6,6.2,ba883b8ab983144ec5cfee9ab3923568
CUST_00000498,3.1,iOS 16,False,5.9,3.6,6a87bcd5f7439d9a6194eb5a59fd89bf
CUST_00000499,1.4,Android 14,False,3.9,1.8,91dda240e64cdab5c4e4760614fa0b90
CUST_00000500,3.7,Android 13,False,9.8,4.3,badc25e4144af3f7d87325be5fccbcee
CUST_00000501,3.2,Android 11,False,9.6,5.5,5c8cd12ccc0885a339448c59ec6d76bb
CUST_00000502,2.7,Android 14,False,8.5,6.1,ba3c7d464500b726e6f48d933acc4b31
CUST_00000503,2.8,Android 14,False,5.2,6.2,62100fc130e6e0b23ad8792c84b52fa1
CUST_00000504,0.3,iOS 17,False,6.9,0.6,ac08375e3536cdfcd8ff949e0da2dbcf
CUST_00000505,0.5,Android 12,False,3.7,1.4,3ec4315b5fd66532a2e1683ee7f7af65
CUST_00000506,1.8,Android 14,False,0.2,1.9,f39aa57ea5a955d078cd49efe2809ef4
CUST_00000507,1.8,Android 12,False,0.2,5.9,f02d1a1aaea3eba6b8f3618f078bb039
CUST_00000508,0.8,Android 11,False,7.6,5.3,e05d9bf2fd515d9ca1f3b76876cf0a45
CUST_00000509,4.7,Android 12,False,6.2,5.5,92d97bdfd490016929a9a95e1d0e6a7c
CUST_00000510,0.5,Android 13,False,4.1,1.0,96b5fe90b9a0d48bcfd03b5c6c3efcce
CUST_00000511,1.0,Android 14,False,9.5,1.2,a5d1d48db1803f110b416bca416dcef0
CUST_00000512,1.2,iOS 17,False,0.9,3.9,8ca93896e2a66c12e4b04da51dfa84c6
CUST_00000513,0.4,Android 12,False,0.8,5.1,5ba8d93177f556d3d9d768a35f61283e
CUST_00000514,0.6,Android 14,False,8.1,2.0,e99400921f50fafe23091f5043df0664
CUST_00000515,2.1,Android 13,False,4.8,6.4,dc927ac784fb4ab6603655f0fedac24b
CUST_00000516,4.2,Android 13,False,3.6,6.9,ef3169b0f8fc2c95c11863f2bd86b8e1
CUST_00000517,3.2,Android 14,False,4.5,6.3,abccc84892bccd2830e8130af0226eac
CUST_00000518,0.7,Android 13,False,2.5,1.0,cddbdad0574df8ba3cb93c0859a9c98e
CUST_00000519,3.2,Android 11,False,5.2,5.7,26bffc5763000c2e0b31d07ff65719b4
CUST_00000520,1.2,Android 12,False,2.9,2.3,7acc95b42dca0ce6ece5e47b6c24eb0d
CUST_00000521,0.7,Android 13,True,3.2,0.9,49bda8a59072f435ed2afc09b21a2e95
CUST_00000522,0.3,Android 13,False,7.1,0.8,b7a0295e3f4496cfa44c14bff47ff537
CUST_00000523,0.2,Android 11,False,7.4,0.5,cc5d07c0d41743ed24c9fa17f1510c05
CUST_00000524,0.8,Android 14,False,8.4,2.8,8069097e97b76a0e03b2f90888515130
CUST_00000525,2.8,Android 12,False,9.1,6.3,eba139350db028582e649f6d569dbb41
CUST_00000526,0.8,iOS 16,False,5.0,1.1,8122bc816cdac6b65c592842d3471f9a
CUST_00000527,0.1,Android 13,False,1.8,5.1,e8ab6805979d1e2b4b5220d0245190de
CUST_00000528,5.2,Android 12,False,9.5,6.8,72b2b280bd000069826dc47cb26d5510
CUST_00000529,1.0,Android 14,False,6.5,1.2,8021966b6de29b80743d9af53888f4c1
CUST_00000530,3.4,Android 13,False,4.4,6.7,5a4198433bb81abd18c9a01a093b9d27
CUST_00000531,1.1,Android 14,False,0.6,2.9,301f5f7d6257d98f83c532ff1caffd5f
CUST_00000532,4.9,Android 13,False,2.2,5.8,9dbee304a0c76138c3ce03fd339b2573
CUST_00000533,1.4,Android 13,False,6.8,6.2,197b89e99af95ad5ae33b56908e50cdc
CUST_00000534,0.9,Android 14,False,7.4,1.4,f41345a3fd23ac6cf39f954cdcc441d8
CUST_00000535,2.2,Android 13,False,2.1,3.1,ed93e231273aea182793b42c3633b45a
CUST_00000536,0.3,Android 14,False,1.2,2.9,f55e3c9d115193056f4a9d34b609c3be
CUST_00000537,0.2,Android 14,False,3.9,5.9,7611b0b1a52a15aacdac4215ce27c34b
CUST_00000538,0.6,Android 14,False,5.0,1.3,7673de6bc68e7f324fe904d3a0482637
CUST_00000539,0.1,Android 13,False,4.7,4.4,4692bbaad014bc3e8a832104fc7339b2
CUST_00000540,1.6,Android 13,False,7.8,4.9,0a21e2f57c4aba154708d5f1079c2a98
CUST_00000541,0.9,Android 13,False,0.3,6.8,d0b45603bc8a4fcb99aed30fd14293d1
CUST_00000542,0.4,Android 11,False,0.3,1.3,fb8f7f77cacb1b696b5c7333b448a929
CUST_00000543,1.4,Android 12,True,3.8,3.9,56a4c6eec3ab42143b9eb3bd14cc924d
CUST_00000544,4.6,Android 14,True,8.5,4.7,2dca6758a508f4c13e30e919582e4723
CUST_00000545,4.4,Android 10,False,4.6,5.6,8d511696c42c33c0dae2ab4c8dd4ea2f
CUST_00000546,0.3,Android 14,False,2.5,0.9,1e8a5952361d64804b01c3999d12e3f2
CUST_00000547,0.3,Android 12,False,9.6,3.6,e252bfdda521e89a6a23058f8e2810a5
CUST_00000548,3.8,Android 12,False,9.6,6.9,95d209b4b1e1f3541bb2ca965db36a2a
CUST_00000549,0.5,Android 13,False,1.5,2.0,7b83753b64646e617d75d16b0bf780e5
CUST_00000550,0.7,Android 12,False,8.1,4.3,6d4a3910c79f7e8b9de9086f5789e8e9
CUST_00000551,1.3,Android 13,False,3.5,4.9,56e6b1c93a51881805b4b3900a77aa80
CUST_00000552,3.2,Android 14,False,7.1,3.6,7a17d74f7f5efc8377f360dbbbfb998c
CUST_00000553,0.4,Android 14,False,4.5,0.6,0a8adb4fbb8da0f4201618bdb9dff3bc
CUST_00000554,1.0,iOS 17,False,5.1,3.9,b82e4dcc1642749e6e66f3cc49505710
CUST_00000555,1.9,Android 14,False,4.7,2.3,bc0d95335fdc3e7899229785b7a7805d
CUST_00000556,0.2,Android 13,False,4.5,0.8,e16abf9b48cb04df4efcfb1ccf8502ca
CUST_00000557,5.9,Android 14,False,8.0,6.0,5b7931d7dc07062e6d35e142ca657c97
CUST_00000558,1.4,Android 14,False,9.5,6.7,ff54f1ca795cd9697c4611724779a747
CUST_00000559,4.0,Android 12,False,2.7,6.9,658a0d43b3b114ca678b015b375de4e3
CUST_00000560,0.7,Android 13,False,9.8,1.0,e8e2c09f212af7343a0c44e041076c86
CUST_00000561,6.0,Android 12,False,9.6,6.4,83132053563406032b85c342e7a3b7a7
CUST_00000562,1.0,iOS 16,False,4.8,5.4,7994567f24769723341f445e9e1456e7
CUST_00000563,3.2,Android 14,False,1.7,4.7,9f98998201e5a92975202547688e8809
CUST_00000564,0.1,Android 12,False,0.2,3.7,63f1c8ee4819510a48b17d0a273e866f
CUST_00000565,1.3,iOS 17,False,2.3,2.0,5222fdbabcf68c02d26b8638449a502d
CUST_00000566,0.6,Android 11,True,4.3,5.2,936b588f5ea6c55e9fffa42c14a58b57
CUST_00000567,0.7,Android 13,False,3.0,4.8,86f4722306ae24c5c0f88ac4a9fd0740
CUST_00000568,0.4,iOS 17,False,7.6,7.0,386d45fecd8702dc5fb8f507e4db521d
CUST_00000569,5.0,Android 13,False,9.5,5.4,931e6e7971964b189dade9d888619673
CUST_00000570,1.5,Android 13,False,5.7,5.6,e22ec49bf5a7ff6cf44350fb5736d654
CUST_00000571,0.5,Android 12,False,9.2,2.1,532d9b12cfcc383ce5718a6d9ac92b6d
CUST_00000572,0.2,Android 13,False,0.5,1.9,1326ef506e3e090526f001270404b42b
CUST_00000573,2.2,Android 11,False,5.9,2.3,14f5afb700a05a21b14edc45c26fbe7c
CUST_00000574,3.0,Android 13,False,2.9,3.9,44a34a84f83c5a05994a032c948d68a4
CUST_00000575,6.0,Android 10,False,4.3,6.7,60cfd7577d8a42bf4b384f483227febe
CUST_00000576,0.8,Android 13,False,6.0,3.7,65fa6f220df2c7fdf9f5ada4db248c39
CUST_00000577,1.3,Android 14,False,0.8,6.1,85c62e8a37ee8fbb7a86f508e97facb7
CUST_00000578,1.6,iOS 17,False,8.1,3.8,7dc9f517ea757ba8876f0be693aa034d
CUST_00000579,3.9,Android 14,False,6.6,5.0,f5ee2515e47bf9176f5d4043c2f33e1c
CUST_00000580,1.2,Android 11,True,4.3,4.0,79971e379b3e4aa5665dc05da9db9b9b
CUST_00000581,0.1,Android 14,False,4.2,5.5,ca3858841c238a98bfeeb74e6b517cd4
CUST_00000582,1.6,Android 14,False,3.1,6.8,a9c94ea7840714f485dc5691c1d0e14f
CUST_00000583,0.4,Android 14,False,9.7,0.5,0a6eb5b5c0dc7be078051f6b7448a054
CUST_00000584,4.5,Android 12,False,4.3,5.3,ff6f1839640dfecdd6ccdc9676687a26
CUST_00000585,4.2,Android 14,False,1.9,5.1,617893a7b71cefe17e95ca7e75840d98
CUST_00000586,5.6,iOS 17,False,7.6,5.7,c844c8132cb86de6bf00f21084d73a54
CUST_00000587,0.5,Android 13,False,5.5,4.8,dc74414f9d304587b336e009305ccb3d
CUST_00000588,3.3,Android 14,False,9.5,5.6,f4c31e438774772e8d2343d704e6f515
CUST_00000589,1.4,Android 14,False,7.2,4.4,fc1260aacfa6b7c96910e90e1f242c62
CUST_00000590,2.0,Android 14,False,3.8,3.8,d798e2198ec8ec491ad949a635f286cf
CUST_00000591,3.6,Android 11,False,4.7,5.0,34ce77cf06c595a47d454df9f0fc81f1
CUST_00000592,4.5,Android 12,False,2.8,5.2,353663c7e55cc400a6c60f6900911568
CUST_00000593,1.0,Android 14,False,9.8,2.7,f79b6c386fbf2d41c96e6c9e443ad3d6
CUST_00000594,3.0,Android 12,False,9.5,5.2,139dafa024011233d7e20827061a824e
CUST_00000595,1.3,Android 13,False,7.4,1.6,ddc0c32c37f1d231b58d07f23c08c964
CUST_00000596,0.2,Android 14,False,7.1,6.0,b652205df3ebeb548222dcf9770b989f
CUST_00000597,1.4,Android 13,False,8.2,2.0,54e94cdac231d8e5ba369ea748b83b8b
CUST_00000598,0.5,iOS 16,False,7.2,0.8,5e3eb35d4d4bb92236066314486102b9
CUST_00000599,3.2,Android 14,False,4.0,5.7,41eca31a4557ae4729f58d975a02ee05
CUST_00000600,0.5,Android 11,False,3.0,1.5,a7e70a57b56a0aea519c90133a786d9d
CUST_00000601,1.5,Android 12,False,6.3,5.7,0e0d703891e9ff5c1d0b8a777ba95f5f
CUST_00000602,0.2,Android 11,False,6.8,6.4,72b87c236eb1a65ec613e40b856dc8dd
CUST_00000603,0.8,Android 13,False,3.6,2.4,c01e1ba47e459ee30c21a8e0d49efce4
CUST_00000604,2.2,Android 14,False,0.8,5.3,0e3aa22533213552678784e8f2419137
CUST_00000605,2.3,Android 14,False,3.4,3.3,017f56e5808051d4bfe7d823413915ef
CUST_00000606,4.3,Android 13,False,6.7,6.6,5034f2e2f8e1fd5cbcf9a4ad20cb881d
CUST_00000607,2.4,Android 14,False,1.1,3.2,767e65afdc4d4eb1c3aed8e42a853d69
CUST_00000608,3.2,Android 14,False,0.8,3.3,ead5afb0c0d78b287cfc22a3524f2975
CUST_00000609,0.9,Android 14,False,4.1,6.8,452d867ca28b2643ce0f9804a2e86e0c
CUST_00000610,1.2,Android 12,False,4.0,3.2,bb98ecd3b6255287409f754da4f16050
CUST_00000611,1.0,Android 14,False,2.9,3.6,dc88359ef555f9c7fbfbe4699e738ac9
CUST_00000612,0.4,iOS 16,False,0.8,4.4,3786d821f8e94e05487b17eff2d556fd
CUST_00000613,0.7,Android 14,False,6.3,1.1,46bb4f449943e743ed8de031a8bdd23e
CUST_00000614,0.6,Android 14,False,2.6,0.6,1e7eb339888526ae28f459316e9e01d7
CUST_00000615,1.5,Android 12,False,2.8,4.5,1a388503a25d859bd3e8797ad62bf333
CUST_00000616,0.8,Android 11,False,1.6,6.7,243ac49fc93ed8721132869e3b121282
CUST_00000617,1.3,Android 12,False,5.9,6.2,5dc299d5c15c1de4722eb9d10fa03dfa
CUST_00000618,0.1,Android 12,False,5.9,3.2,7af3dcfa67a081758f280aab5d2891c2
CUST_00000619,2.7,Android 13,False,8.4,6.7,9152657639dc21058cff1635cbbcd65a
CUST_00000620,0.8,Android 12,False,0.2,6.9,7c7b6dfac031ede8356a51cc6481c58c
CUST_00000621,4.9,Android 14,False,4.4,5.4,41db631d091bb0257fef19b2645651e1
CUST_00000622,0.1,Android 13,False,5.9,5.2,f96dd15582a440f841dc612050fbb8b7
CUST_00000623,1.5,Android 13,False,1.0,2.1,a3cb07de3a3705449940dbaf5186c196
CUST_00000624,0.2,Android 11,False,2.6,5.3,b6a4af7a40c4b1a2eb88936fde5db6c5
CUST_00000625,0.2,Android 14,False,4.6,2.1,7c26dcac5252437349b18c9ca5bd7244
CUST_00000626,0.5,Android 13,False,9.5,4.9,1db3f69ce462734b3f2d967f438004aa
CUST_00000627,5.4,Android 11,False,5.5,5.8,368f288786a681214f4daaa07cbfbd65
CUST_00000628,3.9,Android 13,False,5.3,5.3,a91d611bd8efd8e08be495ae28c577c8
CUST_00000629,3.8,Android 13,False,5.4,6.5,d374fb4b07a131a120034523cc844039
CUST_00000630,4.2,Android 13,False,7.9,6.3,bf3792f681b08354bde55e16993f1b8f
CUST_00000631,1.5,Android 13,False,4.3,2.1,b1e1f44074c0f1aaa5e0fbb943a3a0d5
CUST_00000632,0.5,Android 13,False,8.3,6.6,509d479ca0b7d1b3fa8e396348a55bd7
CUST_00000633,0.3,Android 13,False,5.1,0.6,8d34b2d2a3c02ae5311e50c2c3168e37
CUST_00000634,0.8,Android 13,False,7.7,6.5,c80aeffc98d46d63c8f6b39bf0c23c19
CUST_00000635,0.4,Android 12,False,1.7,2.2,aac32f2b53a9f71f32c72ee50f6a80eb
CUST_00000636,4.2,Android 14,False,8.2,4.8,7f24d7aee55af969e0da3b1d4e99da98
CUST_00000637,0.8,Android 14,False,2.6,2.4,deb948449854a8dcd46536a0acccbc11
CUST_00000638,1.1,Android 13,False,8.3,2.8,c5e64e330cd7fe5f0e9fca87e4e08e0b
CUST_00000639,6.1,Android 14,False,3.3,6.4,6abefe9a2c41186b670fa2a0c82546be
CUST_00000640,5.8,Android 13,False,1.1,6.6,b71886fad394bae269c86e0a2323c935
CUST_00000641,0.8,Android 13,False,8.6,3.8,029388fd7b6992a1128cc61a3286d843
CUST_00000642,4.6,Android 11,False,4.4,6.1,4096133e9f088c05399e278645d16b2d
CUST_00000643,1.0,Android 14,False,7.0,4.9,b621d80465ec9e28837333aad6152587
CUST_00000644,0.1,Android 14,False,7.2,1.6,7b990f8edc0cbc3bc0f4b167bd167170
CUST_00000645,0.2,Android 13,False,0.3,1.5,6deff2d4bea606fb5eef9ac57f3aff0a
CUST_00000646,0.8,Android 10,False,1.1,2.1,449a6001942eb30a364fe8e6728af3b8
CUST_00000647,1.2,Android 13,False,0.7,4.5,e48f0fb4591e5ec1d7fcb94105d77c05
CUST_00000648,1.8,Android 14,False,6.2,1.9,dd51705daad56848493fac26dabfeda6
CUST_00000649,1.8,Android 13,False,7.0,3.3,00382d758e7173707abc63a50dcd3230
CUST_00000650,1.6,Android 14,False,8.7,3.8,3ea89fc54864d9f3af456bffb414c912
CUST_00000651,0.8,Android 13,False,1.3,1.3,5248942144494cf4e440f57bd2143967
CUST_00000652,1.1,Android 14,False,4.0,5.0,8ba2328e2f099f0ca644ca11b0f01b42
CUST_00000653,1.7,Android 14,False,0.3,3.8,d09e7a6c24162733e9068b19481e71c8
CUST_00000654,2.1,Android 14,False,6.3,3.6,c69d485565ad99dc4a1066be65509128
CUST_00000655,0.5,Android 14,False,5.4,0.6,019c905f519c302157cfa42009d8cef9
CUST_00000656,3.0,Android 11,False,3.4,6.0,d189d1545d2d1f80f812881bc13b6528
CUST_00000657,1.5,Android 13,False,8.8,1.7,6d34325795d6e73fa7fbd69c37538332
CUST_00000658,2.4,Android 14,False,9.0,3.0,a2dcd9fac661168dfffa39d29219b660
CUST_00000659,2.5,Android 14,False,5.5,6.2,7481925a274b260eb95e0cb287f6d4b9
CUST_00000660,0.4,Android 14,False,3.8,4.7,6891fb64d3c693ab4fafe773daad36ac
CUST_00000661,4.0,Android 13,False,3.3,7.0,7c2ba2f5ae4838a0fe194329ce32b6fa
CUST_00000662,0.3,Android 13,False,3.8,2.9,6027ba007ad2ea2592d61b2a2c15b7ce
CUST_00000663,3.4,Android 12,False,0.2,4.8,c2b26618c45ddf55adeee7c2c5683fa2
CUST_00000664,0.1,Android 12,False,8.1,3.6,4573215d48b856960528ba53e87437c6
CUST_00000665,0.7,Android 13,False,5.9,0.9,06e6b99a4935a19ee583dc352e7a4ae5
CUST_00000666,3.0,Android 12,False,1.5,5.7,36a6c9d10cef318ec908c3d5009093c8
CUST_00000667,1.0,Android 13,False,2.0,5.3,ed4d1886b92f159a0c03eadcb5bbc401
CUST_00000668,4.9,Android 12,False,6.0,6.4,50ad3c5d29f7e69982dba276f21e04b5
CUST_00000669,2.8,Android 10,False,1.6,4.3,b64420c33239f8652952c8897d41f68f
CUST_00000670,0.5,Android 12,False,3.2,2.3,e29f82db8f995dd70712e08f95683fd2
CUST_00000671,3.0,Android 14,False,5.1,3.3,e400994fefc3c06c137811a132866c51
CUST_00000672,2.0,Android 14,False,8.2,5.0,e81ae3c80138f8c66de71943379c1d82
CUST_00000673,1.6,Android 12,False,2.7,2.3,7ef42df55e47d7a9f9cd7aa537996c83
CUST_00000674,0.8,Android 13,False,2.0,2.6,be6f6a6ca982e231429007d357339210
CUST_00000675,1.2,Android 14,False,6.7,4.4,e43d4857095a104e618333ebe8fe2435
CUST_00000676,1.1,Android 12,False,1.0,5.4,8c814c06bcc13cd9f0a5988ef43edc03
CUST_00000677,0.2,Android 13,True,2.7,3.3,77a3e97525a5bf16f713d026f4f234dd
CUST_00000678,1.2,Android 11,False,0.5,2.1,511fdcf64b8deb157727b2014c2f2fd9
CUST_00000679,5.6,Android 14,False,3.3,6.3,da190038f15ae2d32bf2e6dbe421bb97
CUST_00000680,5.0,iOS 15,False,2.6,5.9,a41bda6038662acff80b144ff72140e5
CUST_00000681,1.1,Android 14,False,3.3,1.1,60248665df2701de85a1b27ce9243c46
CUST_00000682,6.1,Android 11,False,2.5,6.1,731d385593b208ec6f19abdfe70e3c16
CUST_00000683,0.1,Android 13,False,3.7,1.3,bc2bf97739717bd53ab17414c79cb25a
CUST_00000684,1.7,Android 13,True,2.4,2.5,ee8fd2e8e641dfdea80de2900488c313
CUST_00000685,3.5,Android 12,False,0.5,4.6,b0dd6af2f772ec93ab5213bdb7243ade
CUST_00000686,2.7,Android 13,False,8.7,4.2,8e80667889b689c3b35de7e9844df3cd
CUST_00000687,5.2,Android 13,False,4.5,6.9,1e6c8186dc373d18f34da7672c5df133
CUST_00000688,1.2,Android 13,False,9.3,2.0,deda5211e59fb1c7135e0bb6c237ac8f
CUST_00000689,0.9,Android 14,False,10.0,3.9,cc32da4a39e4e45d8aa9e936c52cfd5c
CUST_00000690,4.1,Android 13,False,6.0,5.7,d72ce378cfa1c2dd9051e1cf100e5bfc
CUST_00000691,3.4,Android 13,False,3.8,4.9,21c5b3667a46549db4d2eb589a337cf0
CUST_00000692,2.7,Android 14,False,7.0,3.8,f134064834a151238add7151b47a7c16
CUST_00000693,1.0,Android 14,False,6.0,1.5,18e21b637ad11e8673553a473a928f8c
CUST_00000694,2.4,Android 12,False,8.4,3.5,abaa0c5314aaad24953838ed98c812f6
CUST_00000695,3.5,Android 14,False,7.0,5.6,11e72b756ffd2c23d8a49f1d8978d249
CUST_00000696,3.6,Android 11,False,4.9,6.7,aa6886497d0973ecab9bb785407bb977
CUST_00000697,1.2,Android 14,False,9.2,4.2,d53d3d66b72c6f9e58aedf098e018a50
CUST_00000698,0.2,Android 13,False,0.4,2.8,951780a037932c58801f7555ecd83d49
CUST_00000699,3.9,Android 14,False,8.8,4.4,0b042025a35accd27c6ac355d3018a29
CUST_00000700,5.4,Android 14,False,2.0,6.1,b9f488722545e8f57d247d1617e549f8
CUST_00000701,5.7,Android 14,False,0.4,5.7,9ae85e6d5b040bd5a2653344fc9aca24
CUST_00000702,3.2,Android 13,False,8.5,6.8,10e7d156a9cb790fba6007c3741c64b9
CUST_00000703,0.9,Android 14,False,8.2,0.9,8c160f3e20070897ec258901d7babc64
CUST_00000704,0.5,iOS 17,False,0.8,1.1,481ada29e7d960629089d2c2e0850495
CUST_00000705,1.0,Android 14,False,1.1,3.5,ec316be8622cdf0777e0557c5e89b852
CUST_00000706,5.2,Android 14,False,9.7,6.8,0bc37c30faf4f9b3e17e911faef141b3
CUST_00000707,1.9,Android 14,False,3.1,5.7,cbe21242c0523715a267643d941a5218
CUST_00000708,0.8,Android 14,False,6.8,2.2,084b3eb92dff4422eab4b772afc82578
CUST_00000709,0.9,Android 14,False,3.5,5.8,ec611a9d2e751cebb746c6251ceccba2
CUST_00000710,0.5,Android 14,False,3.1,1.0,a41842364de1c11a7452cb6c9cc7c7a4
CUST_00000711,0.9,Android 11,False,5.1,1.4,1296f080861559afa9ea436621d213a6
CUST_00000712,1.2,Android 13,False,0.9,2.3,70bd16070a8f22cc720b5f38acb5be40
CUST_00000713,0.4,Android 14,False,4.2,5.8,ed7ee8a910929286e9c511f5644afac8
CUST_00000714,2.8,Android 12,False,7.8,4.2,a88181b492364a73d27680029e5c5520
CUST_00000715,3.4,Android 14,False,9.9,4.0,1ce4271b19410f483b9a1259afc37a21
CUST_00000716,0.9,Android 13,False,7.4,1.8,caf5acb40abaab512b0f26550c0397d4
CUST_00000717,2.2,Android 13,False,8.6,5.9,eb26211df9aaf361b931baffd260d557
CUST_00000718,2.7,Android 14,False,1.3,3.5,997f046657e78e5e57ac5d5fb79680fb
CUST_00000719,1.0,iOS 17,False,5.8,1.6,fe45c188d6e344aa2a1972b0dba2f307
CUST_00000720,1.2,Android 13,False,3.8,2.0,b1c74e57283a83123162b9cebf8d555d
CUST_00000721,0.9,Android 14,False,2.9,4.2,2b7489a12f5e86dd8ae92bec4c6d96a0
CUST_00000722,1.8,Android 14,False,9.3,5.9,f3e036d2e46c48df36387366ceec7fbb
CUST_00000723,0.6,Android 13,False,8.0,1.4,9ff50aec138153520cbb07f43f830148
CUST_00000724,3.5,Android 14,False,8.0,4.1,a5f3ad326dbebd85fc17fc3f046faeef
CUST_00000725,0.5,Android 12,False,8.8,1.9,393a21a7d2c8547fab0b2b9d7ab4f358
CUST_00000726,0.4,Android 14,False,7.9,0.5,b6636cbec47355ebb71b79b941b3234d
CUST_00000727,0.7,Android 12,False,3.6,1.5,36d18796cf295abce54d5be1e0394735
CUST_00000728,0.4,Android 13,False,3.0,6.5,98229316ae45d7cc3735b17b7dc4c34e
CUST_00000729,3.0,Android 14,False,4.7,6.4,cc4821b134e6da0a0600a9e3040f9aa8
CUST_00000730,1.6,Android 14,False,6.0,3.7,70fd46b50d9be1b7d4e9b9408638818c
CUST_00000731,2.6,Android 12,True,1.8,3.1,9a221acc458c4dc62bae96bf010e37f6
CUST_00000732,1.4,Android 14,False,6.2,2.7,32eff0524f3861af8e3a09fa34dcda5f
CUST_00000733,0.3,Android 13,False,0.4,3.8,8334fe20bdce177ca8ac8f2fdc2ad3c2
CUST_00000734,1.0,Android 13,False,0.3,6.0,b2b9a9ed21293ebe9d9f284ce0c09f1e
CUST_00000735,0.6,Android 14,False,1.2,0.8,05ba278937867295ec0cdd7f080cecc6
CUST_00000736,0.7,Android 14,False,8.0,1.6,2c3418ba6963d9bd937df6ad2d990b73
CUST_00000737,1.0,Android 12,False,2.4,1.3,44746afc6f53c0be22147e8c8c013dc4
CUST_00000738,2.6,Android 13,True,0.8,6.5,cf671b0bc62d4bfd3715d81a8f802870
CUST_00000739,3.0,Android 11,False,2.4,3.9,36d226c1888361892682bdce401a4019
CUST_00000740,4.5,Android 14,False,9.3,6.7,efcf5b54a96f326cd08c6689c005c457
CUST_00000741,1.6,Android 13,False,8.5,4.9,c636149af687c1574e8a74ae8b8d0440
CUST_00000742,1.5,Android 10,False,2.9,5.3,30287a781d331d55b9c2b64498cf8b69
CUST_00000743,3.7,Android 14,False,6.3,5.2,4b475aaa1403c3aed6092f46379caf7f
CUST_00000744,0.3,Android 14,False,4.5,2.7,a51deec80861f1852a48ee655a452793
CUST_00000745,5.5,Android 14,False,1.9,5.9,98dce8e4b3ed56f8d02f7df0c446755c
CUST_00000746,0.2,iOS 17,False,1.7,0.9,bbbadf0b350b67cbe6bf3a45fa7d2e74
CUST_00000747,3.1,Android 14,False,5.1,6.8,a6ba74e0f3996ec077dec89df12ac86e
CUST_00000748,3.6,Android 13,False,7.6,4.8,82a32e368c6174a7bce23b7f73abce50
CUST_00000749,4.4,iOS 17,True,0.7,5.8,65186c61fbc13be019a41d160265e156
CUST_00000750,2.0,Android 14,False,4.1,4.8,f368e0ce5e8520a9b8cba7103b87725c
CUST_00000751,2.1,Android 10,False,6.9,6.4,553492e2c01f0b473e29ddebfe6a4d80
CUST_00000752,0.6,Android 14,False,4.4,1.7,6edbdc900624173ca663b3996d97d65e
CUST_00000753,2.9,Android 14,False,3.0,5.3,76a8593d012027f2b5142c5c336ae6b3
CUST_00000754,2.0,Android 14,False,1.7,4.4,fecc6ac26cd615139586befba00fdc49
CUST_00000755,2.3,Android 13,False,7.4,6.4,6e6a72b10f53bdd901baa08e15594872
CUST_00000756,3.3,iOS 17,False,6.6,5.8,108afdf7a8a89cab2b982ca6591d6c83
CUST_00000757,0.1,Android 13,False,8.3,2.6,901824dc930b20759bbe423804b17e55
CUST_00000758,2.0,Android 14,False,1.3,4.2,8b48260148cd25b13ac82f9ea42ba576
CUST_00000759,0.6,Android 14,True,7.4,0.9,fe8e4b70f760923e3e33dad1803dac26
CUST_00000760,0.5,Android 12,False,1.8,4.0,9a3d576b9414d481ee3704fcd64f4c05
CUST_00000761,5.4,Android 14,False,9.8,6.6,21ccaa37202e6661010bf487101018f9
CUST_00000762,1.2,iOS 16,False,0.6,3.3,bde962f74aafebf49591355ebf348539
CUST_00000763,0.9,Android 12,False,6.2,3.5,55ab6079150202f5c0d1ecc11be43eee
CUST_00000764,2.3,Android 13,False,8.2,2.8,1b55511f70710f6b77076e8177b59d96
CUST_00000765,2.4,Android 13,False,3.3,2.9,4c12cbd05035364d817e1e529adccfa0
CUST_00000766,1.7,Android 14,False,8.4,3.5,4c30685ea7a693c427c314610108b334
CUST_00000767,4.8,Android 13,False,3.9,5.8,3c692fdd47683a79126b00372f665064
CUST_00000768,0.9,Android 14,False,9.3,6.6,e315af567115e0afdea6201817d65e20
CUST_00000769,0.4,Android 13,False,4.1,0.7,e5c4490f273975611cb96d60491366df
CUST_00000770,3.9,Android 12,False,7.2,6.8,ba6b3305867c1f8e5576c21a6de3fa22
CUST_00000771,0.8,Android 13,False,9.4,1.3,6c9ee9ba19e04207fa98d1247c18308d
CUST_00000772,1.6,Android 14,False,4.1,2.8,74c60ea1b94be47f549c13a0afa5d7c8
CUST_00000773,1.7,Android 11,False,2.6,4.5,f281a2f62bdb4e081b8ff66df53446f3
CUST_00000774,2.2,Android 13,False,6.6,3.2,3b522ea300846596849cb0d8fcf0c674
CUST_00000775,0.4,Android 13,False,8.3,1.7,5c0e9601b6895b9fffa10c5060771d55
CUST_00000776,1.4,Android 13,False,5.6,1.6,6b3ff66533abbb2cefb09327c192aff7
CUST_00000777,5.1,Android 13,False,2.3,5.3,325e195589d8489e20c4c03efcd33ddb
CUST_00000778,4.2,iOS 17,False,6.3,6.5,a0ff07b296b03ec7505361e5f5f2497a
CUST_00000779,2.7,Android 12,False,4.3,4.0,22d3057e8f23579563a81235aa052345
CUST_00000780,1.3,Android 11,False,5.4,1.5,cf6d632408be010a012a7dd263e428ea
CUST_00000781,2.8,Android 13,False,2.6,3.0,da859aa515c5fafb9d8a5647c6d1a4b1
CUST_00000782,1.2,Android 13,False,5.8,3.8,3a8ac93d80a0d93766e1a99ae41b79f6
CUST_00000783,0.1,Android 14,False,9.8,2.3,959428c59805b611895781ccec186f4c
CUST_00000784,1.9,Android 13,False,6.7,5.2,fd0fb251232ab3206466824258a1932d
CUST_00000785,2.4,iOS 17,False,2.7,3.1,72718b390aab9f37efec20d996cfe63c
CUST_00000786,2.9,Android 14,False,6.9,4.4,1ed71aecad54883af37afb6891166fa5
CUST_00000787,1.1,iOS 17,False,2.3,1.7,eed26da9607a7b29d2474c2b8e9515e1
CUST_00000788,0.6,Android 13,False,1.8,3.2,0949026f87c3f060f240ee11cf81e396
CUST_00000789,0.6,Android 12,False,4.0,6.3,1bc17d9c25a570259aabd484fcd1ec81
CUST_00000790,2.9,Android 14,False,1.7,4.8,be9b64397355111f0eb05521230e5aef
CUST_00000791,5.8,Android 14,False,1.4,5.9,714a9a4b172b17cad5937d69fa4103aa
CUST_00000792,2.8,Android 11,True,0.6,6.5,42dbf548b9b3f1b84305a4ed8fdf595f
CUST_00000793,0.2,Android 13,True,5.9,3.1,f58ea4639f74aa8a81fb1c86bb2ffaab
CUST_00000794,0.2,Android 12,False,5.9,2.5,900fa32f16b787ca6874758323c2a1be
CUST_00000795,1.2,iOS 16,False,7.1,4.0,077ad50cee131c6b1f5c3e894fad97f2
CUST_00000796,1.6,iOS 17,False,0.6,2.9,06208e26dac773721e7b060c710f6c3f
CUST_00000797,1.4,Android 11,False,2.3,5.7,966b115d03bf3a9c569289e5442542bf
CUST_00000798,0.6,iOS 17,False,3.4,1.1,75a1e089f47af85d916462b167cfc17c
CUST_00000799,1.5,Android 14,False,0.6,1.9,8c27faab69be4522bedf653697db1d7a
CUST_00000800,1.1,Android 13,False,5.3,2.7,d3d1ea2cbffe9d513eb2fe84c0275ac6
CUST_00000801,4.4,Android 13,False,1.6,5.7,08ce4eefdff231c7633caa80cb1f578c
CUST_00000802,1.2,Android 14,False,6.8,2.8,1294994fca44fffd620ca6f439bef98c
CUST_00000803,2.1,Android 14,False,2.0,3.0,073bb26c5328be7fd8821f60ae45d478
CUST_00000804,5.7,Android 14,False,3.0,6.3,ecf2c78ec4e839e60afb8d085ebcaea7
CUST_00000805,1.4,Android 13,False,8.3,2.1,31e71868040687210963d19ca64b6d8f
CUST_00000806,0.6,Android 11,False,7.4,3.1,b2f6330e3012a0ae7aa0974222eba853
CUST_00000807,0.3,Android 12,False,9.9,2.3,55ed355246c2bdb3b0d5146c943f8670
CUST_00000808,5.5,iOS 16,False,6.6,6.9,f676604a59d5d73d407c7a82237fef75
CUST_00000809,1.2,Android 11,False,6.2,2.4,94e638a8aa347ee4f4ee4e7183f9ee78
CUST_00000810,1.5,Android 13,False,8.5,2.6,f76a88f857ed6e31a3c7e1b126346ca8
CUST_00000811,4.1,iOS 17,False,5.6,5.0,cd5f316c2661ffb1ec03992235b39271
CUST_00000812,0.3,Android 14,False,8.9,5.8,d1ce0334c5e9c4770222ff190f08f218
CUST_00000813,1.5,Android 14,False,2.6,1.9,173fceed8b53b2e9879ac332af11e964
CUST_00000814,1.3,Android 14,False,6.8,1.3,4e3af83c7df73cc308bb68376a8fae6c
CUST_00000815,3.0,Android 14,False,6.1,4.9,3ff18db6fb67216a544ba721a36a7a37
CUST_00000816,1.0,Android 13,False,7.7,3.3,b4b47c5836bf7e7599f72087136d4698
CUST_00000817,1.3,Android 12,False,7.5,2.0,467b6c5bb0a53a45e86c61f5ef240a5e
CUST_00000818,0.9,Android 14,False,8.5,1.4,3df17526e62b3e9191114eddf584ae65
CUST_00000819,1.3,Android 12,False,9.3,2.7,09c99ea9d7a0d99050ce9dca31dd7d1e
CUST_00000820,0.1,Android 13,True,2.7,0.6,ef6eef972d276939ef3193d300ad2657
CUST_00000821,1.9,Android 13,False,1.8,3.3,29963d0d52010d6f7c020f5cb6327855
CUST_00000822,0.4,Android 12,False,8.9,6.8,363b6583c6ef56c41f8102813440fcbe
CUST_00000823,0.4,Android 13,False,1.0,3.8,79b94205aa51f964c51b34a32e9a0de4
CUST_00000824,2.7,Android 14,False,1.5,6.5,a1590a3de5f5fd7d9ea5096fd220197d
CUST_00000825,2.8,Android 14,False,9.0,3.9,a7e42d95a15eec9e8f2b5cc670ab03a8
CUST_00000826,4.6,Android 12,True,3.0,4.9,cfbee96a6060fe8693fe0497bd699c91
CUST_00000827,1.3,Android 14,False,6.4,1.9,0805697d14747f409cc1fd39ba567af9
CUST_00000828,1.8,Android 14,False,6.7,5.2,d336b154de43c4ca1f22945a987da715
CUST_00000829,0.2,Android 14,False,8.3,1.4,43732fd6508da32d9e9e8817ec91227d
CUST_00000830,0.5,Android 13,False,7.3,1.2,971342f4b312c7aab3f42c3fbf0ba61e
CUST_00000831,0.4,Android 14,False,3.6,0.5,43436800e226bc8c54472443d1860108
CUST_00000832,3.4,Android 14,False,9.6,4.0,061475cfa8c6cc96ca7495d06097bf5a
CUST_00000833,0.6,Android 13,False,3.9,1.1,efc63ed0c83f46252f70d1235c5c7d27
CUST_00000834,0.3,Android 13,False,3.2,2.1,b3069110b7cfcc8fa7b205ce37bb2cb9
CUST_00000835,3.1,Android 14,False,5.4,6.9,1616b26bbaad40155c117da9c90d729b
CUST_00000836,3.5,iOS 15,False,3.3,4.3,5b385f23c82e7af3065eb01552fbf14a
CUST_00000837,3.4,Android 13,False,3.2,4.9,519963a4380d2e45ad88dd4c32b1b27d
CUST_00000838,0.8,Android 13,False,7.0,1.3,fbe1dff56f1283522c6e1639cff149a2
CUST_00000839,3.1,Android 12,False,7.3,6.2,4cf08e2fb636103bf31e3588a3fffbe2
CUST_00000840,0.3,Android 14,False,4.5,0.7,75eb2cfac638513b1aa6fbc13a21f796
CUST_00000841,0.3,Android 11,False,9.6,1.8,fd2982d32563122d30c49faa9991bd24
CUST_00000842,2.4,Android 13,False,1.0,4.3,c2311724c42cb024dccc4fc5e473b1dc
CUST_00000843,2.4,Android 14,False,2.4,4.3,063f336ec4d63b79ee2693b3907d9537
CUST_00000844,0.4,Android 11,False,6.9,0.8,26586fe0ca26432b7e5faf47152a4cde
CUST_00000845,4.1,Android 14,False,8.1,4.5,a7a8acc2a492d052453770f821451c45
CUST_00000846,1.9,Android 12,False,4.7,2.9,04213be789be32b8252df92d96fc6178
CUST_00000847,1.5,Android 12,True,9.1,4.1,02596f8c0a7a024da61c093496adebf7
CUST_00000848,0.7,Android 14,False,7.1,0.9,a97914529bad5a8757a66b8c5b49143a
CUST_00000849,2.4,Android 12,False,4.6,3.1,ad874a4bcfd8084fad71277dbec794f4
CUST_00000850,0.3,iOS 17,False,5.9,2.1,014d8b147744e052445ec85fc3867f1e
CUST_00000851,0.4,Android 13,False,5.1,0.9,bfac7c9a32932ab8abd2c962a9ff3a9f
CUST_00000852,3.2,Android 12,False,3.6,7.0,9152261ba1f7749bd8178494e4a56f86
CUST_00000853,2.6,Android 14,False,3.9,6.2,7da4a0d6a16c5edf966f887eeed91927
CUST_00000854,0.4,Android 13,False,8.2,4.7,67d70af55df102bc2218e74ef1dae35a
CUST_00000855,1.1,Android 13,False,4.8,6.7,5b3b9c1ae45ecdf49772d4c276bc108b
CUST_00000856,1.1,Android 13,False,1.4,3.1,8628e89c1d4a0d794943f9799bd77483
CUST_00000857,1.2,Android 14,False,0.7,5.3,fb8cc73e6df0da69bc722142dd2fbdb1
CUST_00000858,3.6,Android 13,False,3.5,6.2,f254b169fc90e0e77a93e4a6229914ac
CUST_00000859,0.6,Android 13,False,9.1,1.0,4e81ab585062bc8417f4df9bd04e70a1
CUST_00000860,0.3,Android 14,False,4.4,1.4,dc46751f5f49b5d83ae3fd92417df1e5
CUST_00000861,5.0,Android 14,False,5.9,6.6,514bd041f39fff527549a353806f69a7
CUST_00000862,2.3,Android 14,False,8.3,3.6,20e49a70f87ec462da314dddffb9a1a5
CUST_00000863,0.9,Android 14,False,8.8,6.6,bd1244401a4bd35b561eaac6f0f3f607
CUST_00000864,0.3,Android 14,False,4.1,5.2,b52f0e06c92b49c89ec114b6c89bf2b7
CUST_00000865,4.5,Android 13,False,4.9,6.6,22f2e35f48bf19b752b350324bcf41b0
CUST_00000866,0.6,iOS 17,False,1.0,0.6,7ef0f9e663f8d41ee514ef18a9cf3116
CUST_00000867,0.7,Android 14,False,6.5,1.4,1e857b77aea11f044422748b186e622d
CUST_00000868,4.0,Android 14,False,3.9,4.4,d16c99af9f3b333fd383d0b02cf5654f
CUST_00000869,0.7,Android 13,False,8.3,0.8,cd3ddf427f012037bf9bd086aef1b607
CUST_00000870,3.2,Android 13,False,8.3,5.7,5b52535d0c8387c7574070ba287d3ac9
CUST_00000871,1.9,Android 12,False,9.6,4.4,06ac0f10bdc076b45ff11b3f91135a4e
CUST_00000872,1.2,Android 13,False,5.8,1.9,058ef582d1e39d12f3ca2effdbbf79c6
CUST_00000873,3.4,Android 14,False,5.3,4.4,4c37db27e2f22179104ffa3149856430
CUST_00000874,0.5,Android 12,False,1.7,1.0,937c787f4c863169b76019612186ada5
CUST_00000875,0.2,Android 14,False,4.0,3.0,658874a939c02112c404e524fc32628d
CUST_00000876,2.5,Android 13,False,1.5,3.0,d78fe5bbc8f22541ee5e105ce3999b82
CUST_00000877,0.6,Android 14,False,5.7,1.0,30d9b826bca376bb4cd70da1b12484d7
CUST_00000878,0.4,Android 13,False,1.1,6.7,e64257b30165c37717e8912072a873a7
CUST_00000879,2.6,Android 14,False,0.6,4.0,75b8370f51561c4a56dbf6a2b389e818
CUST_00000880,0.3,Android 11,False,1.8,2.4,a20aa38f640314faf86c38fa28efd79d
CUST_00000881,1.0,Android 14,False,3.6,3.9,ceb7355767981b10fea9b7288b59818e
CUST_00000882,1.0,Android 12,False,3.9,6.7,65e171a918ddd20748fda1a11e0c94e6
CUST_00000883,0.4,Android 14,False,6.5,0.5,e51541f7933d71f1cd421984a1488803
CUST_00000884,0.2,Android 13,False,3.4,3.2,aef5534408b0009fde7f5a68b3e91d70
CUST_00000885,4.1,Android 14,False,7.3,6.7,46d85cf64c74d22fe5b2c81fb829b30a
CUST_00000886,0.3,Android 13,False,1.9,2.0,34743f0eed18de14eba99a65dc9ffd50
CUST_00000887,2.0,Android 12,False,9.2,4.1,3a8c921ab2230ba5cb8837ffef66ed7d
CUST_00000888,2.2,Android 14,False,9.9,2.8,0627fa0eac6350bd4f49afd55055e733
CUST_00000889,1.4,Android 11,False,4.1,5.9,c089eea19633987eeda095461d96f050
CUST_00000890,1.4,iOS 16,False,3.4,1.7,4367b183d40c4e1955595c5c939605a2
CUST_00000891,3.6,Android 13,False,8.1,4.3,6c5a53fad6d55b14ffd01d91d3931d9c
CUST_00000892,0.8,Android 14,False,4.2,5.0,4438bae7e8675d799faafc27dd02d79c
CUST_00000893,3.9,Android 13,False,1.4,3.9,2da7b4f57a3973f20443c33894e558c9
CUST_00000894,0.3,Android 13,False,9.5,1.4,b9ca3638f9590c2a0c15ad8f16dfbaa6
CUST_00000895,1.5,iOS 17,False,3.6,6.9,35e1a09b760a25167daa06b2997f4c0c
CUST_00000896,1.2,Android 13,False,6.0,3.2,480349a49d9f51bd8c6a53011b7d6add
CUST_00000897,2.0,Android 14,False,5.7,3.6,656a55628ecae45649a3e9eaba9c314e
CUST_00000898,0.3,Android 12,False,7.8,0.7,cf47cfdcb42ea483aaea7b955dff5df9
CUST_00000899,2.9,Android 14,False,8.0,5.0,7dc6f2344bd7fa762bb23a7b6d0e605d
CUST_00000900,0.6,Android 13,False,2.7,3.7,24684c61da8bf852d547606abb8e4b69
CUST_00000901,1.2,Android 13,False,0.2,3.8,6073ae9834df8793bb242bd65b89c66f
CUST_00000902,0.2,Android 14,False,5.9,5.3,ae413d20b553e6fbb0475cd7c93be44f
CUST_00000903,0.4,Android 14,False,6.3,3.6,16b544975ea9143d794163cae9502862
CUST_00000904,3.5,Android 13,True,2.0,3.9,c74ab2279b522d4bcb2f5d059d5a1cd7
CUST_00000905,3.8,Android 11,False,6.0,4.3,719551b184d205407758492189c61004
CUST_00000906,4.9,Android 13,False,5.8,5.4,811e9e81388ee007c58280b226edc568
CUST_00000907,0.5,Android 14,False,3.1,1.8,fed11681e5ce4bc256efcd7f9949f9e3
CUST_00000908,2.1,Android 13,False,0.9,3.3,f5464b4e6ae98403e303e69a73b36b9f
CUST_00000909,0.9,Android 14,False,2.9,3.9,fb9d96b7aab8e9aca3d23a7d6c20ff0d
CUST_00000910,0.4,Android 11,False,6.7,0.6,762f07b910f4f49497587e23b17bf8a9
CUST_00000911,0.2,iOS 17,False,8.9,0.6,75673f23be1a73fedae9d67f17337308
CUST_00000912,3.3,Android 13,False,9.3,4.8,f0c095f21bd939579177dda71e4ce7dd
CUST_00000913,2.1,Android 12,False,0.6,2.4,aa3f7fe25ceec7282223789179cb4e32
CUST_00000914,0.6,Android 10,False,1.5,2.2,0a2505a3fe013c22c2cd48b5218c46cb
CUST_00000915,1.2,Android 13,False,7.6,4.9,db73df7ae546898c784e1b4458e73be5
CUST_00000916,0.8,Android 14,False,9.8,3.2,8417f18f3512b6e691d73b951c8e78d1
CUST_00000917,2.0,iOS 17,False,7.7,2.5,28e438fe56d6148a27b6f4a74b26ea27
CUST_00000918,0.5,iOS 16,False,6.7,3.1,81e5373f0995fca7ce6cbd956cf3abc8
CUST_00000919,1.0,Android 13,False,3.2,1.8,1c32ff7057a86bf5b9747c189be6b746
CUST_00000920,1.3,Android 13,False,4.1,5.3,09ee8ebcd25f9ac90bcb7b2a87f4f809
CUST_00000921,5.1,Android 14,False,3.8,5.6,74ff5352b93208762eaf9f2aed21f760
CUST_00000922,1.2,Android 10,False,9.6,6.0,990b31146809622b3368afe628b07a54
CUST_00000923,0.5,Android 14,False,1.2,0.9,5a53e0b97422584867138edb79fc2d70
CUST_00000924,5.1,Android 14,False,3.1,5.8,a88a1ee9a9ec516f748770c7445f099b
CUST_00000925,0.9,Android 11,False,6.9,5.5,13c37e124cf0087eb31a572353bf3ff7
CUST_00000926,1.4,Android 12,False,6.5,2.7,1032deb5286248b1578ec2fdfddeee3e
CUST_00000927,2.0,Android 14,False,8.6,2.5,ac12dee72950bb2776968c298bb43371
CUST_00000928,1.8,iOS 17,False,7.5,2.6,2aa9147910c44d59c94f8fa0761315c0
CUST_00000929,2.2,iOS 17,False,1.4,2.5,26d4fd830b3686e64f26c94b3e8b25b5
CUST_00000930,1.3,Android 12,False,8.7,4.9,4e420c949b5fd8684dc32701190d001f
CUST_00000931,2.5,Android 14,False,8.5,5.2,e176f72fc3a207303981bbf145bdc817
CUST_00000932,3.3,Android 14,False,2.0,5.9,26813e91f34d76d75aa5bb28af0c2333
CUST_00000933,2.1,Android 13,False,8.3,4.4,a0e6fbc12c7c96ec2bd8954999547c6b
CUST_00000934,1.0,Android 12,False,6.7,1.2,b6cc229f92a2806b7845ad4314102a2d
CUST_00000935,4.5,Android 13,False,1.2,6.2,9fd2a357a1e016abbab43cf3b8b72b2a
CUST_00000936,0.8,Android 10,False,6.8,0.8,3a96c5cae804a6bc5b9998f1a5d2e14e
CUST_00000937,2.0,Android 14,False,3.1,2.1,e859415060593826f0b5709120c03762
CUST_00000938,0.1,Android 13,False,5.5,1.4,4fb1416f3db7b2eb4b800c10bc77f5c0
CUST_00000939,1.0,Android 13,False,5.3,2.8,fca6c0499aa4a1320840c547e10ce595
CUST_00000940,2.0,Android 11,False,1.5,3.8,42f4123f67dae17b5e098925119ee3c5
CUST_00000941,0.7,Android 14,False,6.0,1.0,7bd0e9a16b0759d02418a81c941e00c9
CUST_00000942,1.2,Android 13,False,8.2,5.6,e65c85ae89d0529befdba30c2a7760ac
CUST_00000943,1.0,Android 13,False,7.5,3.5,f06c766bac0fd14def133ab0f7d26134
CUST_00000944,4.4,Android 14,False,4.4,4.4,a2c047fff5cd40157a4f3c7ae353e9c4
CUST_00000945,0.3,Android 14,False,4.2,0.9,74ea9f771242fab9196bc4e8a0199828
CUST_00000946,5.4,Android 14,False,7.4,6.4,91a8dc919d12914a268318cb6df533a3
CUST_00000947,0.7,Android 14,False,9.3,0.9,21746fcb9268a76eb0fa14e07ece592d
CUST_00000948,1.4,Android 14,False,3.8,3.8,3b40edeabaacd7f931c54c3c90cd0dd6
CUST_00000949,0.1,Android 12,False,9.9,1.2,ab1dca6d29dde686655225697ac0c87f
CUST_00000950,0.2,Android 14,False,4.0,1.7,157c9e72902c5fc78c7276829263bea4
CUST_00000951,2.3,Android 14,False,5.1,3.4,6e62acb5fffe8b85161186d5f029182b
CUST_00000952,0.5,Android 11,False,4.7,0.6,9304bedb9d3f6fc5dadce3de705bd8f0
CUST_00000953,5.2,Android 13,False,2.6,6.9,5dec8e86be806bfed171ee7f5e730cfc
CUST_00000954,0.7,iOS 15,False,7.1,6.1,c9c50d10ba19c36c14577be2f846ef25
CUST_00000955,0.8,Android 14,False,8.2,3.1,35383d87ecf6f448c36b821fb3e78a63
CUST_00000956,0.2,Android 11,False,2.5,0.5,9af25b9a414fbaee48ef51d6043ff8bc
CUST_00000957,1.0,Android 14,False,3.0,1.7,9ea9db91184a5a16c17ac3d7e6f0a6d3
CUST_00000958,5.6,Android 13,False,5.0,6.2,d93ed7e4b7aaf43d78390fffb43ae380
CUST_00000959,0.5,Android 14,False,3.0,6.7,bff541bff27e381ed84c481027d46bc1
CUST_00000960,1.3,Android 14,False,1.3,1.6,37718d627a9feef4870d3cde6c745de3
CUST_00000961,0.9,Android 14,False,2.0,1.0,87ed3d0c29933c5554a5b1beac5e16e3
CUST_00000962,1.0,Android 13,False,2.5,1.0,59456c33d95f9b80e00fa6614d30e937
CUST_00000963,0.2,Android 14,False,5.2,6.1,3fc37719177f15f15f47bb1f5a0bb027
CUST_00000964,5.3,iOS 17,False,8.9,6.4,ae4f32009d17704138c246a61f70fe78
CUST_00000965,1.0,Android 14,False,4.0,2.4,051a63864876fab4e5cf5b63da585ffc
CUST_00000966,0.9,Android 14,False,3.2,5.0,0251c5c325bc16b16bf68a3a90c829e2
CUST_00000967,3.5,Android 12,False,1.6,5.3,94c1eb7fb48a18796da5de2e93f093fb
CUST_00000968,1.3,Android 14,False,0.5,3.0,61ff9ac33ee7b17b48ab260c6aaf12ca
CUST_00000969,2.4,iOS 17,False,0.5,6.7,9a1a446056ff97d54690eba796461859
CUST_00000970,1.0,Android 13,False,7.7,6.7,4fac5dcb982d7d1823907be4560c4415
CUST_00000971,2.3,iOS 16,False,3.5,3.0,b0b50ed0ee5575eb7505d31e91f6b7d0
CUST_00000972,1.3,Android 14,False,9.2,1.4,2f2196e859d7be0c8d43c06941e86057
CUST_00000973,0.5,Android 13,False,3.4,5.8,f803043f5f9ae484b1d0011614048998
CUST_00000974,0.5,Android 13,False,6.0,2.8,522490fc72bda7a9f898822a5b4d4be3
CUST_00000975,0.4,Android 13,False,2.5,1.4,c45f815f9a7f1195c4bee15e37d05091
CUST_00000976,3.1,Android 13,False,3.7,4.4,7282d7b69e84d5662c82358730cc88d1
CUST_00000977,2.8,Android 14,False,1.9,3.5,3bfbc4036373c9df6ccbb48148ac8cc2
CUST_00000978,1.9,Android 10,False,0.4,2.7,c7a5e16bbfaa0f55a673ac427af00475
CUST_00000979,0.6,Android 14,False,2.5,0.9,d40e320e24664ca9cd4a9b56f6558d70
CUST_00000980,0.5,Android 14,False,1.0,1.5,1c8b4142bfcedc3ca66451aa57d90fe0
CUST_00000981,0.5,Android 14,False,3.1,3.6,78e71c33afd305bf36d1999970e410e3
CUST_00000982,1.5,Android 14,False,7.4,6.8,311ec4231011188de841697378cf9a10
CUST_00000983,2.2,Android 10,False,2.0,4.1,e3e3102252c4381b9b3a039c5b989695
CUST_00000984,1.0,iOS 17,False,7.6,2.6,d51f0e1ded72aeed11908a8527c4f898
CUST_00000985,3.2,iOS 17,False,8.8,5.3,eea63f8b7b1483e45e147ddf0c6f487e
CUST_00000986,0.9,Android 14,False,7.5,3.5,25b9a75e5bdfda38459eb0e9bb11a385
CUST_00000987,2.6,Android 13,False,4.5,2.7,f48aa714959103802f9187e33a795366
CUST_00000988,3.7,Android 13,False,7.6,6.4,8cfc3d883b2fe001681a5622d69dc908
CUST_00000989,2.8,Android 14,False,3.7,3.3,1c3bcccb4fc1c011bb2b8339d9ec965a
CUST_00000990,3.4,iOS 17,False,8.1,4.6,7985f3430ef38665bb7f494f5d30c20f
CUST_00000991,0.4,Android 13,False,6.8,0.8,794a0488d74ae76e82f3515d5cd3e586
CUST_00000992,1.8,Android 12,False,1.9,2.8,9ce493fb3bc3a71d3a327126ce047ec2
CUST_00000993,0.6,Android 13,False,7.5,1.8,18d270f94cff60b7bd103ae152ec873f
CUST_00000994,4.9,Android 14,False,9.6,6.8,7209c68540f94248be9587b75d12b00d
CUST_00000995,3.4,Android 13,False,7.1,6.3,67040a90ec611ab44936d1c9a84ccd75
CUST_00000996,0.3,Android 13,True,0.1,1.3,313c63147b48fa53b6e85143476d21f8
CUST_00000997,1.4,iOS 16,False,8.4,2.1,822de7ddc25945cfd852331cba9c8196
CUST_00000998,3.2,Android 14,False,7.3,5.2,e5a0be8a934290d41ba10027eed72912
CUST_00000999,1.5,iOS 16,False,6.5,4.2,37557c376ee2c8c350450c3b9fdef482
CUST_00001000,0.5,Android 10,False,8.2,1.3,fd75050b8063e268bcbc21b47c0a1d7e
