Customer_ID,PAN,Passport_Number,Driving_Licence,Voter_ID,KYC_Status,Face_Match_Score,OCR_Match_Score,Liveness_Score,Address_Match_Score
CUST_00000001,QAHFT6804A,C2501652,N/A,PVA8631930,VERIFIED,0.87,0.9,0.83,0.95
CUST_00000002,CWPUS5935U,N/A,N/A,QWP7022021,VERIFIED,0.97,0.91,0.85,0.79
CUST_00000003,HQJJF2966F,R7139656,MH3020230538553,UKB9572486,VERIFIED,0.94,0.9,0.87,0.83
CUST_00000004,DDTOT4539E,N/A,N/A,NCB1674039,VERIFIED,0.93,0.89,0.92,0.79
CUST_00000005,NZWAS6526D,J4498251,N/A,N/A,VERIFIED,0.89,0.89,0.93,0.85
CUST_00000006,XWHQP1757Q,A5413982,TN7320111437027,TVZ5169156,VERIFIED,0.89,0.96,0.87,0.87
CUST_00000007,ZYTRS3638O,N/A,KA3220131074177,N/A,VERIFIED,0.98,0.99,0.92,0.96
CUST_00000008,IPFFB6298C,Q2621954,UP5320131582525,CLL4769043,VERIFIED,0.9,0.91,0.95,0.83
CUST_00000009,WGELK2294R,D0989981,UP6220136728340,XEA3972677,VERIFIED,0.86,1.0,0.94,0.8
CUST_00000010,RMEFB7030P,Q9505800,N/A,WKY5500653,VERIFIED,0.96,0.89,0.88,0.78
CUST_00000011,GRIGD6499A,N/A,UP8020191677408,BFG9883187,REJECTED,0.42,0.63,0.46,0.5
CUST_00000012,PZRAV2691D,N/A,KA9620182607984,HPS2624980,VERIFIED,0.93,0.97,0.9,0.87
CUST_00000013,LHAUQ2754A,D0895851,DL0620146117838,XUW8221784,REJECTED,0.42,0.56,0.56,0.21
CUST_00000014,QEYWZ8807K,Z9888271,N/A,WWF8437201,REJECTED,0.36,0.7,0.52,0.39
CUST_00000015,IWZHQ3959D,N/A,N/A,WGP9053749,VERIFIED,0.93,0.98,0.96,0.82
CUST_00000016,DXEBL5869X,V1499661,TS6520146851697,ISO1637154,VERIFIED,0.97,0.88,0.9,0.85
CUST_00000017,VHFUP3465Z,Z7626609,TN8720143768845,UDB9674857,VERIFIED,0.9,0.94,0.93,0.83
CUST_00000018,JKDRX8872Z,N/A,N/A,YNB2848695,VERIFIED,0.89,0.91,0.83,0.89
CUST_00000019,YXPSN8587P,N/A,UP3420224147995,VHU4247238,VERIFIED,0.88,0.9,0.9,0.98
CUST_00000020,CDJDF4340N,M9568730,GJ3920226542891,WYK7562240,VERIFIED,0.95,0.92,0.92,0.9
CUST_00000021,IRKEM1603S,N/A,MH1120207190930,N/A,VERIFIED,0.88,0.88,0.91,0.91
CUST_00000022,DMBJF3737N,I8470920,MH9720104148726,FAD1652671,VERIFIED,0.87,0.96,0.88,0.97
CUST_00000023,PTCVZ1036M,M9158263,KA7320220689026,JLJ5388196,VERIFIED,0.97,0.91,0.93,0.94
CUST_00000024,VSLTZ2854N,N/A,TS4220234118726,VCW2463081,VERIFIED,0.98,0.99,0.92,0.83
CUST_00000025,FUIWS2090X,N4766470,N/A,N/A,VERIFIED,0.96,0.96,0.83,0.79
CUST_00000026,FRHPM5473W,N/A,UP3520144217854,FSI7961725,VERIFIED,0.94,0.88,0.85,0.88
CUST_00000027,TPZVH3371B,N/A,MH7120142118619,QTC0243928,VERIFIED,0.88,0.92,0.94,0.9
CUST_00000028,CBMPR1890H,N/A,KA7220226982242,PUF5448936,VERIFIED,0.9,0.91,0.86,0.97
CUST_00000029,PTYFF6110A,N4522774,N/A,RYU6694569,VERIFIED,0.92,0.95,0.9,0.79
CUST_00000030,VBEHT5216W,N/A,WB3520189059388,MCB4320985,VERIFIED,0.87,0.99,0.97,0.96
CUST_00000031,YZRHB7469F,S4894431,DL4320168312591,N/A,VERIFIED,0.99,1.0,0.96,0.82
CUST_00000032,HYVOL3394Q,A6541376,N/A,TFO9461962,VERIFIED,0.93,0.99,0.93,0.88
CUST_00000033,EOOCZ9418P,W2744441,TN7720182290230,N/A,VERIFIED,0.92,0.99,0.94,0.91
CUST_00000034,WHUKY5822S,N/A,UP2020179035883,MIT3989238,VERIFIED,0.96,0.98,0.97,0.87
CUST_00000035,KIMXJ9761B,N/A,N/A,DZI1809018,VERIFIED,0.96,0.99,0.87,0.84
CUST_00000036,ZBUGQ3036R,M9684562,TS3020211516314,LCQ8469072,VERIFIED,0.93,0.91,0.91,0.76
CUST_00000037,JDNOU1086H,P9142208,N/A,XRE4356428,VERIFIED,0.92,0.97,0.85,0.89
CUST_00000038,FKMGO5929V,M2567064,TS3020195910965,FEG7761060,VERIFIED,0.94,0.97,0.98,0.87
CUST_00000039,UAJDX3427L,Q5219992,N/A,WUM0726638,VERIFIED,0.86,0.88,0.97,0.94
CUST_00000040,OCKGD3723U,N/A,GJ1420203922881,MQY3666476,VERIFIED,0.89,0.95,0.93,0.9
CUST_00000041,DBAZD2533X,W9471404,N/A,KYA3498065,VERIFIED,0.94,0.93,0.86,0.83
CUST_00000042,ZJKED8466T,N/A,MH0720225595356,GDO0722831,REJECTED,0.63,0.63,0.39,0.14
CUST_00000043,XAWDD2160A,N/A,GJ3120195431984,AGD4104354,VERIFIED,0.91,0.95,0.92,0.76
CUST_00000044,FPSXR3609M,N6490060,TS8020209820790,OIZ5460786,VERIFIED,0.94,0.9,0.83,0.9
CUST_00000045,TSFLF3440N,K6319080,KA9620216251977,N/A,VERIFIED,0.9,0.96,0.89,0.88
CUST_00000046,VOPOI1367X,N/A,MH3720195242023,N/A,VERIFIED,0.88,0.89,0.84,0.75
CUST_00000047,JPFRF1837S,H8898660,TS0420124584717,SII0854160,VERIFIED,0.97,0.88,0.95,0.81
CUST_00000048,TFKIJ7750B,E1662644,TS2820228595745,CLH6460350,VERIFIED,0.95,0.98,0.87,0.79
CUST_00000049,HFDGI0713W,N/A,N/A,N/A,VERIFIED,0.9,0.97,0.87,0.96
CUST_00000050,FORJK7440K,N/A,WB7420167007742,HKZ1946341,VERIFIED,0.86,0.99,0.9,0.94
CUST_00000051,LKCWT2706Q,Q1739611,N/A,GED7096455,PENDING_REVERIFICATION,0.33,0.5,0.58,0.53
CUST_00000052,RWQZI9344U,N/A,TS3620190942412,JBM0326905,VERIFIED,0.9,0.96,0.94,0.93
CUST_00000053,JPYTB9516Q,N/A,DL0820171736474,VVZ0607956,REJECTED,0.47,0.68,0.34,0.15
CUST_00000054,JXKUR0633R,V3289610,N/A,RXI6617056,VERIFIED,0.86,0.96,0.83,0.94
CUST_00000055,IDSYZ9065A,N/A,GJ4020123593557,ITE9127557,VERIFIED,0.9,0.92,0.95,0.97
CUST_00000056,NRWQP1166F,N/A,N/A,SBJ7967722,VERIFIED,0.96,0.95,0.89,0.96
CUST_00000057,ZUXFR5477Q,Q4116804,GJ7120241721171,SND0145809,VERIFIED,0.86,0.89,0.84,0.9
CUST_00000058,VXYKK3302K,N/A,KA9220205625239,N/A,VERIFIED,0.89,0.98,0.86,0.97
CUST_00000059,UDHVS1740C,A2857512,N/A,HBK7419505,VERIFIED,0.92,1.0,0.83,0.88
CUST_00000060,GDLPG4609C,N/A,MH5020237887558,BKJ7302615,VERIFIED,0.91,0.96,0.91,0.96
CUST_00000061,TDJIQ8694F,Z1790278,GJ4020186681091,N/A,VERIFIED,0.91,0.95,0.86,0.79
CUST_00000062,ZOGTE3783D,N/A,GJ5620246711252,TXK9449587,PENDING_REVERIFICATION,0.67,0.62,0.41,0.24
CUST_00000063,CPVOI0636N,N/A,DL8920175897980,LSX6467064,VERIFIED,0.97,0.99,0.94,0.89
CUST_00000064,NTEAW6412U,L3901434,N/A,N/A,REJECTED,0.44,0.66,0.59,0.17
CUST_00000065,BDJIH9015R,N/A,KA3420224366938,N/A,VERIFIED,0.97,0.94,0.89,0.81
CUST_00000066,SFPSZ2101W,O9899675,N/A,N/A,VERIFIED,0.99,0.95,0.94,0.97
CUST_00000067,HHESS1329Z,N/A,DL3120228288313,AOJ8560397,VERIFIED,0.98,0.95,0.86,0.9
CUST_00000068,NTVBZ6463Y,N/A,DL9920127258131,NWV5319295,VERIFIED,0.92,0.97,0.9,0.95
CUST_00000069,HCFYH6606S,N/A,DL2220205664317,N/A,VERIFIED,0.87,0.88,0.94,0.89
CUST_00000070,VOVAB6567N,N/A,MH6420249153272,HYM8620044,REJECTED,0.52,0.53,0.37,0.51
CUST_00000071,FPIST8913R,D3422023,WB3220232679316,VYS1194840,VERIFIED,0.94,0.98,0.97,0.78
CUST_00000072,KLGPB2586J,N/A,MH1420162247056,WST3451505,VERIFIED,0.99,0.94,0.87,0.9
CUST_00000073,THZRD9373L,Y1640078,UP2020198648752,DYI3685554,VERIFIED,0.87,0.9,0.92,0.79
CUST_00000074,OMAIC4388U,A5269520,N/A,MNS7382571,VERIFIED,0.87,0.9,0.83,0.79
CUST_00000075,LKKFN6487W,E5594394,GJ7020154435262,PEG5292227,VERIFIED,0.91,0.9,0.88,0.87
CUST_00000076,IJYUH1639L,N/A,DL3820104825637,YCY6728252,VERIFIED,0.86,0.98,0.97,0.76
CUST_00000077,CTGBX2213P,D6199168,N/A,MQT2207627,VERIFIED,0.88,0.92,0.9,0.89
CUST_00000078,WAXKV9087F,X9980519,TS5920209115070,NXD5283767,REJECTED,0.57,0.69,0.4,0.34
CUST_00000079,AIHRF6644K,C4094903,UP9720145530195,HSA6601345,VERIFIED,0.89,0.93,0.82,0.82
CUST_00000080,XSIDX2621E,O7645456,TN9820139996108,WCL7050555,VERIFIED,0.93,0.96,0.95,0.86
CUST_00000081,DINDF5058O,E5404873,MH9620139702454,BLS5089421,VERIFIED,0.91,0.9,0.87,0.83
CUST_00000082,DQSZJ8493C,N/A,DL8420235834611,DZK1987947,VERIFIED,0.93,0.91,0.84,0.79
CUST_00000083,LJFLE1870V,N6982054,MH3220210742170,KGF8052873,VERIFIED,0.87,0.99,0.83,0.87
CUST_00000084,PRIHD6230S,X9644996,N/A,UIK1374837,VERIFIED,0.99,0.98,0.95,0.81
CUST_00000085,UXOZO1226O,L0712668,TN9820199375956,N/A,VERIFIED,0.93,0.91,0.94,0.79
CUST_00000086,FFXHX2177Y,P9673232,UP6920206027376,IJW4877323,VERIFIED,0.87,0.95,0.87,0.88
CUST_00000087,BWTAO5721H,M5259374,UP5920125908536,ESM9560089,REJECTED,0.35,0.42,0.6,0.25
CUST_00000088,RTKVG7053T,N/A,UP8520170263936,AOA5290868,VERIFIED,0.93,0.94,0.89,0.83
CUST_00000089,XCCDE5823L,N/A,N/A,N/A,VERIFIED,0.95,0.99,0.85,0.77
CUST_00000090,YLGSH8096B,N/A,KA5220166327856,N/A,VERIFIED,0.96,0.9,0.85,0.79
CUST_00000091,OBAEM4758D,N/A,MH3020139509061,MBB9850939,VERIFIED,0.97,0.93,0.95,0.85
CUST_00000092,PTSKC1283R,K3776073,KA5620131275375,ITY3702943,VERIFIED,0.92,0.91,0.96,0.84
CUST_00000093,YLRRC6770E,N/A,N/A,JUE3309471,VERIFIED,0.98,0.96,0.87,0.78
CUST_00000094,CLONC0557M,N/A,MH3820166506197,USO9256122,VERIFIED,0.96,0.9,0.87,0.81
CUST_00000095,DEHHU3974T,N/A,TN5920112273138,HYI6833889,VERIFIED,0.97,0.92,0.95,0.78
CUST_00000096,DIYFI9926P,N/A,TN4220164702657,VKC5556594,VERIFIED,0.87,0.91,0.94,0.92
CUST_00000097,SLHSV7446H,N/A,TS8520127098910,UBZ4459657,VERIFIED,0.9,0.9,0.97,0.88
CUST_00000098,JXNQC7636B,S9637940,TS2920188703983,N/A,VERIFIED,0.93,0.94,0.92,0.75
CUST_00000099,ORFJM6619P,N/A,N/A,CKZ1913424,VERIFIED,0.98,0.96,0.84,0.88
CUST_00000100,MLSIH8186V,N/A,DL9520138656942,EEO9241640,VERIFIED,0.98,0.93,0.84,0.98
CUST_00000101,PFPKS2780D,N/A,DL4720153306358,N/A,VERIFIED,0.92,0.95,0.88,0.76
CUST_00000102,LGWNQ5653O,T1689563,N/A,GDJ1355445,VERIFIED,0.91,0.94,0.97,0.83
CUST_00000103,XYEEH1868A,P1895464,N/A,VMC0722514,VERIFIED,0.91,0.9,0.85,0.86
CUST_00000104,TTOCC7838B,Y7591872,N/A,ZLJ8497285,VERIFIED,0.94,0.88,0.93,0.79
CUST_00000105,JSQED2203I,N/A,DL4220214909596,HGW9609799,VERIFIED,0.99,0.94,0.92,0.77
CUST_00000106,WDWGS8764S,N/A,TS8120166294348,N/A,VERIFIED,0.88,0.88,0.9,0.88
CUST_00000107,LQWCN2939K,S0777463,N/A,BNF4228355,VERIFIED,0.91,0.93,0.91,0.79
CUST_00000108,MIRBC7418O,O0926161,N/A,N/A,VERIFIED,0.89,0.96,0.89,0.76
CUST_00000109,YHRGJ9133W,Y2670412,N/A,RAS8941037,REJECTED,0.39,0.62,0.21,0.15
CUST_00000110,CIWDU7191Q,N/A,MH7920202753419,LSQ1468017,VERIFIED,0.86,0.91,0.94,0.95
CUST_00000111,PJZID2056T,N/A,TS8920105060837,FPE3677232,VERIFIED,0.89,0.99,0.82,0.77
CUST_00000112,QBXAJ3384R,V1490502,MH5120184806468,QNK7056235,VERIFIED,0.91,0.99,0.95,0.83
CUST_00000113,FVNKQ8606X,H0044637,DL1620102302032,SEY5771172,VERIFIED,0.94,0.93,0.91,0.85
CUST_00000114,XUAUH0750O,Q3453215,N/A,SFN0824319,VERIFIED,0.97,0.94,0.96,0.93
CUST_00000115,WOXTK3472C,S3591899,KA6020234736324,UIC4327723,VERIFIED,0.94,0.91,0.84,0.94
CUST_00000116,ZZUTO7190R,N/A,GJ8220230160975,YAR8715240,VERIFIED,0.85,0.99,0.84,0.88
CUST_00000117,ZSCXX5739C,S0180549,TN3820145284973,YKV3429171,VERIFIED,0.88,0.88,0.84,0.96
CUST_00000118,CLIDJ7448C,N/A,DL8820140676622,FWD7930281,VERIFIED,0.87,0.99,0.89,0.84
CUST_00000119,YWOOC1710Y,N/A,TN1720136720648,JQQ5280094,VERIFIED,0.86,0.95,0.86,0.84
CUST_00000120,DXVIB4158M,P0612128,MH7920194123585,QMW4034672,VERIFIED,0.93,0.94,0.93,0.97
CUST_00000121,ZOAJS4735K,N/A,WB3520120437265,IFX7095799,VERIFIED,0.93,0.89,0.9,0.89
CUST_00000122,CRGVX0928Z,M3881586,N/A,XAS9551984,PENDING_REVERIFICATION,0.49,0.62,0.37,0.21
CUST_00000123,IMCGF5092E,N/A,N/A,IEU8017115,VERIFIED,0.93,0.92,0.83,0.96
CUST_00000124,JBSRP3397N,Z6437586,N/A,JRV3721075,VERIFIED,0.93,0.98,0.94,0.94
CUST_00000125,WUOEI8661P,N/A,DL4320211305379,N/A,VERIFIED,0.92,0.91,0.98,0.97
CUST_00000126,GZEXC7684I,G2021037,N/A,N/A,VERIFIED,0.93,0.99,0.83,0.91
CUST_00000127,ZWMJO1486V,H1082390,N/A,N/A,VERIFIED,0.92,0.98,0.96,0.82
CUST_00000128,EJTOX0564A,N/A,WB8420127284674,ECF1677222,VERIFIED,0.87,0.89,0.93,0.83
CUST_00000129,BOVDJ4266G,N/A,KA0420132866089,QZM1748263,VERIFIED,0.96,0.92,0.92,0.95
CUST_00000130,JJEBL2851W,N/A,KA1120205767863,VKT2035969,VERIFIED,0.85,0.98,0.9,0.97
CUST_00000131,OGHKW0555T,N/A,N/A,DYL9121006,VERIFIED,0.91,0.94,0.92,0.95
CUST_00000132,FVDPI7805R,N/A,N/A,IHL8765441,VERIFIED,0.95,0.91,0.84,0.83
CUST_00000133,PTYYO1253N,I3460216,WB0520165561548,RBM2337388,REJECTED,0.68,0.54,0.35,0.41
CUST_00000134,RZFHT7376C,G4944530,N/A,UBS4755182,VERIFIED,0.91,0.99,0.97,0.86
CUST_00000135,BABJF3439V,N/A,MH3120158200481,N/A,VERIFIED,0.98,0.96,0.92,0.87
CUST_00000136,PEWPJ1876J,A3159866,TS8420168611431,AUT0966028,VERIFIED,0.96,0.92,0.83,0.97
CUST_00000137,HZQLJ3246T,N/A,N/A,N/A,VERIFIED,0.91,0.97,0.93,0.79
CUST_00000138,KCNRV3662D,N/A,UP0920154638620,QWG7821788,VERIFIED,0.93,0.95,0.83,0.95
CUST_00000139,UPRRS6924M,X0751725,UP8620158511331,N/A,VERIFIED,0.97,0.98,0.92,0.88
CUST_00000140,HEROH4775F,V8622848,GJ3420194933360,MDB6564116,VERIFIED,0.95,0.94,0.83,0.8
CUST_00000141,NKWDZ3989E,N/A,GJ9220121355792,N/A,VERIFIED,0.92,0.95,0.95,0.83
CUST_00000142,MQEQA2717P,N/A,KA1720197276471,QKZ3013038,VERIFIED,0.96,0.96,0.96,0.95
CUST_00000143,ERQGS3135F,N/A,N/A,BBY4554619,VERIFIED,0.94,0.97,0.85,0.95
CUST_00000144,MTEXV0292A,N/A,DL1620150626855,N/A,VERIFIED,0.9,0.97,0.85,0.94
CUST_00000145,JQUQP0180D,N/A,WB5720162073582,OMD6636626,VERIFIED,0.94,1.0,0.92,0.81
CUST_00000146,DVCSD1111I,N/A,TN4620216874569,HBM2930698,VERIFIED,0.96,0.94,0.97,0.83
CUST_00000147,RDCNS1229J,N/A,N/A,GBV8836418,VERIFIED,0.95,0.89,0.87,0.91
CUST_00000148,XADQI8927L,K1492387,DL1520120983924,ZVC9454676,VERIFIED,0.86,0.98,0.98,0.97
CUST_00000149,WWSXM4840U,N/A,GJ0220218804984,TOO9635706,REJECTED,0.42,0.56,0.51,0.41
CUST_00000150,GIRKV5906F,Q8880429,MH6520139235784,N/A,VERIFIED,0.91,0.9,0.95,0.91
CUST_00000151,QKGLU4841P,X6145006,TS6620183470389,RLI8883757,VERIFIED,0.89,0.99,0.84,0.85
CUST_00000152,JLCRA3675L,N/A,KA0620242754071,MVT4211828,VERIFIED,0.89,1.0,0.89,0.96
CUST_00000153,EITBQ6184S,Q1450984,DL8920192913369,SDK6853997,VERIFIED,0.9,0.98,0.9,0.97
CUST_00000154,HZZLD4772W,R8796262,N/A,IRZ6956313,VERIFIED,0.97,0.97,0.92,0.78
CUST_00000155,MORKT8288Q,D0161712,N/A,GVR2708187,VERIFIED,0.92,0.89,0.84,0.91
CUST_00000156,WTOGU7269M,N9935026,UP2920246169673,TOP7921611,REJECTED,0.4,0.66,0.32,0.3
CUST_00000157,NJLOD5237E,B1309664,GJ1020225332790,NYN7154386,VERIFIED,0.93,0.91,0.93,0.95
CUST_00000158,IHYQM5761L,N/A,UP3120244090741,YRI9935298,VERIFIED,0.88,1.0,0.84,0.86
CUST_00000159,JULBX1591Y,N/A,N/A,NAB6784157,REJECTED,0.5,0.43,0.34,0.11
CUST_00000160,ZUQYT1430B,F7552236,WB4120106534757,RNQ6757091,VERIFIED,0.95,0.98,0.85,0.79
CUST_00000161,UHCTL3645E,X3759169,GJ0220189312526,DBO3502772,PENDING_REVERIFICATION,0.32,0.57,0.48,0.49
CUST_00000162,XWDEQ2165B,N/A,N/A,WYZ4520074,VERIFIED,0.86,0.99,0.91,0.94
CUST_00000163,IDRCQ9346J,N/A,DL7320196115186,VYE3776236,VERIFIED,0.86,0.89,0.86,0.79
CUST_00000164,IMLUM1602E,N/A,TN3420211282826,N/A,VERIFIED,0.88,0.97,0.93,0.86
CUST_00000165,SXWQV5720I,N/A,N/A,OZM7327724,VERIFIED,0.99,0.96,0.85,0.91
CUST_00000166,NKNRW8615O,F1969743,TN9820173888119,BJB2934409,VERIFIED,0.97,0.97,0.94,0.85
CUST_00000167,ISNVV2516L,S6853953,GJ6320228088466,N/A,PENDING_REVERIFICATION,0.52,0.54,0.49,0.32
CUST_00000168,XAWLF5211T,N/A,N/A,SDF8744218,VERIFIED,0.93,0.99,0.85,0.89
CUST_00000169,ABOEQ0502F,N/A,N/A,NKZ6878926,VERIFIED,0.98,0.9,0.86,0.97
CUST_00000170,MMFKD5765F,X6950310,N/A,NXR8619585,VERIFIED,0.97,0.93,0.9,0.83
CUST_00000171,TCRXO0964N,N/A,GJ0620218888847,LYM7389854,VERIFIED,0.89,0.96,0.87,0.93
CUST_00000172,GTXCP5207A,S5532841,N/A,LPG5569325,VERIFIED,0.86,0.9,0.9,0.83
CUST_00000173,OEOMZ5731V,N/A,KA9620137492619,UYC5786603,VERIFIED,0.95,0.9,0.85,0.76
CUST_00000174,QUVMP0236X,N/A,WB5220198741023,HZB7140895,VERIFIED,0.96,0.95,0.96,0.8
CUST_00000175,FUNSP6369C,I7335570,KA7120149380375,XJZ2619524,VERIFIED,0.98,0.88,0.84,0.85
CUST_00000176,CBHYU9885W,N/A,UP4920198113964,UTY4450106,REJECTED,0.67,0.71,0.2,0.53
CUST_00000177,ZRFIY5082C,N/A,N/A,KTI5132517,VERIFIED,0.92,0.96,0.84,0.76
CUST_00000178,YETGG2288L,E7109408,N/A,YWJ3885217,VERIFIED,0.99,0.89,0.93,0.85
CUST_00000179,NKTDN4903V,N/A,DL5920118694040,LRA2536252,VERIFIED,0.98,0.96,0.9,0.89
CUST_00000180,MPJMF7382F,N/A,DL7420203834714,VSU5818740,VERIFIED,0.95,0.96,0.85,0.9
CUST_00000181,KDXQN3428B,M0122807,TS4720159401114,OVI4366565,VERIFIED,0.99,0.89,0.98,0.84
CUST_00000182,ZHINU4064E,N/A,N/A,WQY4649033,VERIFIED,0.97,0.93,0.87,0.9
CUST_00000183,QSPKX7975O,N/A,N/A,KEA7697011,VERIFIED,0.96,0.89,0.91,0.75
CUST_00000184,BWOAK7021U,M3226180,GJ4220237988551,MWY5195547,VERIFIED,0.9,0.93,0.86,0.84
CUST_00000185,WLQNX4203N,I1057125,UP9720175026631,ALH2034531,VERIFIED,0.94,0.94,0.88,0.95
CUST_00000186,TKJGK2798V,N/A,TS3720208924544,VKW1266261,VERIFIED,0.9,0.93,0.91,0.87
CUST_00000187,ABNEC2772E,N/A,N/A,N/A,VERIFIED,0.98,0.88,0.85,0.75
CUST_00000188,AFKUM3600Y,N/A,N/A,YBU0418881,VERIFIED,0.86,0.99,0.88,0.77
CUST_00000189,TGULT0475G,N/A,UP5020205236327,YES7514230,VERIFIED,0.96,0.94,0.87,0.89
CUST_00000190,RZGLA7532B,N/A,UP8920192600334,JCE0699606,VERIFIED,0.88,0.96,0.85,0.87
CUST_00000191,SUDGZ7784G,N/A,MH8920166009054,SGB7554553,VERIFIED,0.98,0.94,0.95,0.88
CUST_00000192,MWPWE5485O,A7578636,GJ9320119042190,N/A,VERIFIED,0.96,0.99,0.86,0.8
CUST_00000193,VERTE2430V,N/A,KA0620232177251,N/A,VERIFIED,0.9,0.91,0.94,0.81
CUST_00000194,EACEA6346S,N/A,TS0720153703114,PBY2480805,VERIFIED,0.94,0.93,0.91,0.79
CUST_00000195,YKJSV2003G,N/A,N/A,YCS5152617,VERIFIED,0.85,0.96,0.92,0.88
CUST_00000196,KCQJL6811M,Q3194339,GJ4820167224070,VIG5357349,VERIFIED,0.99,0.9,0.93,0.84
CUST_00000197,AAHAD8092K,A7989555,N/A,CLE2822355,VERIFIED,0.87,0.89,0.94,0.88
CUST_00000198,FCIMM8780U,J0837938,WB5420242022335,WFQ6073305,VERIFIED,0.88,0.92,0.86,0.83
CUST_00000199,DNFBT3455H,N2310503,KA5220187289552,UDD5461672,VERIFIED,0.88,0.94,0.96,0.9
CUST_00000200,BUIYC6433T,N/A,MH9920142839633,ZQZ4108137,VERIFIED,0.99,0.96,0.91,0.92
CUST_00000201,WCBYY8806D,N/A,TS5820170381651,ITF5756966,VERIFIED,0.87,0.96,0.85,0.87
CUST_00000202,JXNGB2624A,C3286808,WB3020168531891,ZCI8515490,VERIFIED,0.94,0.98,0.97,0.8
CUST_00000203,GNIKE3362Q,I8688805,TS2920125734221,N/A,VERIFIED,0.93,0.98,0.9,0.89
CUST_00000204,XRCJY6622E,N9935215,N/A,UWI7519919,VERIFIED,0.96,0.97,0.83,0.82
CUST_00000205,XIOYD3877N,N3786711,DL2420104477212,PPP2007184,VERIFIED,0.93,0.92,0.88,0.85
CUST_00000206,QEKME2499N,N/A,TN9620203402983,N/A,VERIFIED,0.99,0.98,0.85,0.96
CUST_00000207,TBYZW4342M,Y0733675,N/A,NWU5480953,VERIFIED,0.97,0.98,0.95,0.82
CUST_00000208,TONQB2338O,F4605184,KA2420229822183,YSD4415724,VERIFIED,0.9,1.0,0.92,0.94
CUST_00000209,GRXUS1143Q,W3759337,N/A,N/A,VERIFIED,0.93,0.97,0.85,0.87
CUST_00000210,XORDW1743Y,O2189070,UP6420180096479,PMF6446082,REJECTED,0.35,0.71,0.42,0.53
CUST_00000211,QVFEB3105T,J3019126,DL5920219713443,JAT3887804,VERIFIED,0.86,0.96,0.85,0.89
CUST_00000212,DWIKF2059Q,N/A,KA6220214818204,LWG5696474,VERIFIED,0.91,0.89,0.98,0.76
CUST_00000213,VWGHF1477G,N/A,N/A,UZK3560227,VERIFIED,0.87,0.92,0.84,0.91
CUST_00000214,INIAR3760F,G3369764,UP6920245622208,N/A,VERIFIED,0.94,0.92,0.92,0.87
CUST_00000215,MVYBN5650S,V3970183,WB8120182784506,N/A,VERIFIED,0.88,0.92,0.89,0.94
CUST_00000216,OKPWT7304P,N/A,N/A,WJV3513020,VERIFIED,0.92,0.88,0.86,0.92
CUST_00000217,NUXEI4833Y,D8961747,KA0120140738701,RPC4056353,REJECTED,0.67,0.66,0.58,0.32
CUST_00000218,XIFHI4112A,T5155298,TN2220115224049,PIL1461041,VERIFIED,0.86,0.94,0.84,0.82
CUST_00000219,PPVSQ3876R,N/A,KA9720227813072,OCU6036749,VERIFIED,0.91,0.97,0.96,0.97
CUST_00000220,DXGJE9383P,N/A,MH0920171893931,JLE7611873,VERIFIED,0.89,0.98,0.83,0.96
CUST_00000221,QUNKK6593K,N/A,TN8920197233472,ULU5260954,VERIFIED,0.94,0.95,0.83,0.87
CUST_00000222,PMOVE9018Y,M3602157,N/A,VTR4264282,VERIFIED,0.86,0.89,0.93,0.77
CUST_00000223,URXYS9956Q,M8809905,GJ1520234734686,N/A,VERIFIED,0.9,0.92,0.88,0.93
CUST_00000224,WGSKI3356P,N/A,DL2520186452435,VJK2810618,VERIFIED,0.94,0.97,0.86,0.75
CUST_00000225,RZDDU8869T,F4483240,N/A,MTS2950043,VERIFIED,0.94,0.93,0.85,0.78
CUST_00000226,PZCSN8725Q,N/A,N/A,XCM7906730,VERIFIED,0.86,1.0,0.95,0.82
CUST_00000227,IUMNM7497J,N/A,DL0520215101463,SOB4109862,VERIFIED,0.96,0.96,0.84,0.83
CUST_00000228,CNWHD2801F,N/A,DL8520176203658,VGS4783019,VERIFIED,0.91,0.95,0.97,0.81
CUST_00000229,EMZUG4627L,B6711337,TN4920206544297,N/A,VERIFIED,0.89,0.98,0.96,0.94
CUST_00000230,MDWAY4696B,N/A,KA6920205936251,YLX8320637,VERIFIED,0.97,0.97,0.94,0.9
CUST_00000231,TTPFI6156C,A4563720,KA0820193637716,N/A,VERIFIED,0.86,0.9,0.84,0.92
CUST_00000232,YQSDW1685F,N/A,KA9020124250269,HRB4976672,VERIFIED,0.95,0.95,0.91,0.87
CUST_00000233,UHBKZ2810G,T3615461,UP9220141732871,ABS7046003,VERIFIED,0.94,0.97,0.85,0.86
CUST_00000234,DIKAS7447Z,Z0236715,GJ4320205080613,KQY0590476,VERIFIED,0.86,0.93,0.95,0.8
CUST_00000235,EBJES8630U,N/A,N/A,LEA0923764,VERIFIED,0.9,0.97,0.91,0.75
CUST_00000236,ZVZAI3742U,N/A,UP8720239002007,DPY0164907,VERIFIED,0.98,0.92,0.87,0.78
CUST_00000237,DEBHU4158D,D4728489,N/A,N/A,VERIFIED,0.91,0.97,0.96,0.89
CUST_00000238,RIZOD8775K,C1146549,MH1820116310432,UAM0106848,REJECTED,0.44,0.65,0.24,0.36
CUST_00000239,USFQN4960F,N/A,UP7920115053294,JAG1503752,VERIFIED,0.93,0.95,0.92,0.91
CUST_00000240,URHFU6941V,N/A,MH0720206110146,N/A,VERIFIED,0.86,0.89,0.87,0.93
CUST_00000241,HLIUT0791Z,N/A,N/A,ANB2454782,VERIFIED,0.87,0.92,0.89,0.77
CUST_00000242,CFGKF8050N,E2613413,TS2620152134260,AOH1447221,VERIFIED,0.98,0.96,0.89,0.9
CUST_00000243,UYXPO2458G,N/A,UP6020140243335,STG3585150,VERIFIED,0.9,0.95,0.91,0.79
CUST_00000244,ZBMTA5478O,P2507912,KA0320175114310,ELO5941718,PENDING_REVERIFICATION,0.4,0.57,0.32,0.52
CUST_00000245,QSAQK6527W,T5770870,GJ0720116424919,N/A,VERIFIED,0.88,0.98,0.89,0.86
CUST_00000246,JQJEO0729H,R1495927,TN4220154485521,NKB3458458,VERIFIED,0.91,0.97,0.94,0.79
CUST_00000247,XLJRS9818C,N/A,KA5120242999965,HYC2648562,VERIFIED,0.98,0.89,0.83,0.81
CUST_00000248,ZODJL6208H,Q6436356,UP5920149516904,N/A,VERIFIED,0.89,0.97,0.89,0.93
CUST_00000249,DUEGM9703O,F6151179,DL2120131961548,BID2150333,PENDING_REVERIFICATION,0.35,0.57,0.36,0.26
CUST_00000250,OEHXK4143A,N/A,GJ8320214958622,MHY9515946,VERIFIED,0.93,0.99,0.83,0.85
CUST_00000251,TXDOI4840B,T6529205,N/A,N/A,VERIFIED,0.94,0.9,0.91,0.86
CUST_00000252,LRCNF3699L,N/A,WB1920217174617,JJH3980749,VERIFIED,0.87,0.91,0.86,0.95
CUST_00000253,UHUZL8150G,N/A,TS6120238813090,ZBY7049457,VERIFIED,0.95,0.89,0.93,0.88
CUST_00000254,TDEJO0883R,X4002984,TS5420128252487,XQA7495344,VERIFIED,0.98,0.98,0.93,0.86
CUST_00000255,GRZVJ7025E,K4630369,MH3820148885421,QBF6751338,REJECTED,0.61,0.55,0.22,0.45
CUST_00000256,UHSJN3112Y,P4912587,KA5420171281785,DDA3614959,VERIFIED,0.96,0.94,0.85,0.95
CUST_00000257,EHTDD6632C,N/A,N/A,LTC0441065,VERIFIED,0.99,0.97,0.82,0.76
CUST_00000258,MXBHA0165G,N/A,N/A,EJC8993157,VERIFIED,0.86,0.96,0.95,0.84
CUST_00000259,GOCPA2129R,N/A,N/A,ASY9846161,VERIFIED,0.89,0.98,0.91,0.9
CUST_00000260,VZLNK7345P,N/A,GJ9120149347126,N/A,VERIFIED,0.87,0.96,0.95,0.82
CUST_00000261,SCMKL7682N,N/A,N/A,HWE0846194,VERIFIED,0.87,0.9,0.85,0.96
CUST_00000262,CLRCD4519F,N/A,KA4720135681297,FVK2447757,VERIFIED,0.86,0.99,0.95,0.87
CUST_00000263,UYJRY9514D,N/A,TS6320173872548,N/A,VERIFIED,0.94,0.9,0.96,0.85
CUST_00000264,QDCBB6936E,J6007772,UP6320184390015,OVO0798148,VERIFIED,0.95,0.99,0.83,0.92
CUST_00000265,LAERU8143M,P7545545,N/A,N/A,VERIFIED,0.95,0.92,0.9,0.94
CUST_00000266,EBGPJ6720S,N/A,MH1720236147342,JTA8303336,VERIFIED,0.9,0.9,0.93,0.94
CUST_00000267,GQPXB3303O,V8592659,WB7420165409333,OVC6357363,VERIFIED,0.91,0.97,0.92,0.89
CUST_00000268,LMWUV5209M,Z2708030,N/A,UMF7638452,VERIFIED,0.94,0.9,0.93,0.82
CUST_00000269,KQLTE0785G,N/A,UP3520248937548,VWX9702427,VERIFIED,0.88,0.98,0.86,0.9
CUST_00000270,TVKWX6822F,N/A,TS8820193961602,KCE2845460,VERIFIED,0.85,0.92,0.92,0.97
CUST_00000271,EDGUR1894A,N/A,N/A,BXI2098683,VERIFIED,0.89,0.99,0.93,0.88
CUST_00000272,VVGON1657Q,I4057387,TN5520132420582,CFH4805615,VERIFIED,0.93,0.93,0.98,0.78
CUST_00000273,MGHUD4336T,B8696725,TS8220216087699,XRN2409993,VERIFIED,0.89,0.98,0.87,0.96
CUST_00000274,YTHWE4386Z,N/A,N/A,AWV9448788,VERIFIED,0.95,0.92,0.95,0.81
CUST_00000275,VSNJP8740B,N/A,DL8120172283249,AFH5127761,VERIFIED,0.86,0.91,0.82,0.86
CUST_00000276,PKYLW1153J,G0333850,MH7220203837071,XZF7144203,VERIFIED,0.95,0.89,0.96,0.95
CUST_00000277,YDSLX4617G,N/A,TS3720218290766,N/A,VERIFIED,0.86,0.91,0.95,0.76
CUST_00000278,JLFFV7117A,N/A,N/A,N/A,VERIFIED,0.86,0.98,0.92,0.78
CUST_00000279,HGQXJ6401K,W3234505,N/A,BYM3668780,VERIFIED,0.97,0.95,0.9,0.85
CUST_00000280,NJZRD8011P,K8135110,DL6420234714409,TYH8672383,VERIFIED,0.97,0.93,0.92,0.9
CUST_00000281,ZTDWR7012B,N/A,N/A,MEM1844954,VERIFIED,0.86,0.93,0.9,0.9
CUST_00000282,CSDJF2878S,N/A,TN7520108825075,TEX2403291,VERIFIED,0.94,0.89,0.86,0.83
CUST_00000283,JYCIA4746I,N/A,MH4320107601791,ITT9520630,VERIFIED,0.99,0.92,0.9,0.8
CUST_00000284,BYJKE9808F,N/A,WB5220142585951,DML8361685,VERIFIED,0.85,0.88,0.86,0.76
CUST_00000285,MXMOK7864N,C0342614,KA3820177337609,N/A,VERIFIED,0.92,0.92,0.97,0.84
CUST_00000286,CUHZR3245R,C9554478,GJ3320191371866,TAT4780473,VERIFIED,0.92,0.98,0.9,0.91
CUST_00000287,STLVI9820T,N/A,TS8720117277939,NAD1468964,VERIFIED,0.91,0.93,0.97,0.91
CUST_00000288,QZJRR3310D,N/A,MH9020130449887,N/A,VERIFIED,0.96,0.88,0.92,0.76
CUST_00000289,FQQLQ7134P,N0117948,TN2620149553458,VKI1844457,VERIFIED,0.87,0.93,0.89,0.83
CUST_00000290,ZAKNS9982B,Q0552681,GJ5820217318726,AHE3229368,REJECTED,0.43,0.7,0.47,0.41
CUST_00000291,RDHSY8677Z,F6276116,KA5420175094434,GOZ3261858,VERIFIED,0.98,0.95,0.96,0.92
CUST_00000292,ICFOM9777R,I8886109,N/A,UZT9768155,VERIFIED,0.87,0.88,0.89,0.82
CUST_00000293,EDFJS7748E,N/A,GJ4320232311439,DFZ7084212,VERIFIED,0.93,0.92,0.94,0.9
CUST_00000294,SKQGT5714N,N/A,UP6720226069567,YLU7503474,VERIFIED,0.89,0.92,0.95,0.85
CUST_00000295,KAXDO9978J,N/A,N/A,N/A,VERIFIED,0.91,0.92,0.91,0.84
CUST_00000296,KXSWS3389T,N/A,N/A,XSL2576687,VERIFIED,0.87,0.93,0.84,0.95
CUST_00000297,KFHAI7719J,G0557107,TS3120235099303,SZC0363061,VERIFIED,0.94,0.92,0.83,0.84
CUST_00000298,HTLZU9586R,T2268513,TN1420158664624,PVJ0780084,VERIFIED,0.88,1.0,0.89,0.91
CUST_00000299,LJNPN3244O,W9498117,DL9120188877515,DFM7939641,VERIFIED,0.98,0.93,0.83,0.76
CUST_00000300,OBDJZ3471S,N0882841,GJ0920230749648,KOO9747675,VERIFIED,0.91,0.91,0.96,0.78
CUST_00000301,LLLWI7642M,N/A,GJ7020107433921,N/A,VERIFIED,0.97,1.0,0.87,0.97
CUST_00000302,TQWSO7751R,C1650514,MH1620208923121,EAU2784864,VERIFIED,0.87,0.95,0.91,0.93
CUST_00000303,BWALK8321D,N/A,DL3720123064677,GCH4163003,VERIFIED,0.88,0.89,0.87,0.81
CUST_00000304,IKIJV1275P,N/A,WB1520141017236,IOB0690551,VERIFIED,0.87,0.93,0.92,0.86
CUST_00000305,TQDOL8571R,F7549404,N/A,N/A,VERIFIED,0.93,0.95,0.85,0.84
CUST_00000306,VHZAY4583L,U2821500,KA1820219336170,ZWF5889697,VERIFIED,0.98,0.99,0.94,0.87
CUST_00000307,HRIFY3919T,N/A,UP0120240160703,RKX7757600,VERIFIED,0.96,0.91,0.96,0.97
CUST_00000308,VRRJV8317W,A1310776,GJ2520115086492,N/A,VERIFIED,0.97,0.95,0.88,0.82
CUST_00000309,VFZZA4760U,M1251176,N/A,PEP7198872,VERIFIED,0.92,0.95,0.96,0.98
CUST_00000310,WAZRP6804V,U0949264,N/A,JTW2244010,VERIFIED,0.98,0.9,0.84,0.95
CUST_00000311,OATZL0213U,U0485632,N/A,N/A,PENDING_REVERIFICATION,0.47,0.56,0.45,0.52
CUST_00000312,CGIBI7976Y,D6500038,KA1720107414161,BPL1008464,VERIFIED,0.95,0.9,0.87,0.83
CUST_00000313,WUQLM4616V,N/A,MH5920185506177,PCA7589153,VERIFIED,0.85,1.0,0.93,0.94
CUST_00000314,MQEDB1556L,J5514629,DL0820138507859,VOB3962014,VERIFIED,0.95,0.9,0.94,0.93
CUST_00000315,RMSWO3231Z,N/A,N/A,N/A,VERIFIED,0.86,0.94,0.83,0.84
CUST_00000316,XMXQS4247K,Z7219300,KA1920147388823,FPT0011873,VERIFIED,0.96,0.99,0.83,0.97
CUST_00000317,OEAVX0637D,N/A,GJ2720147653828,GVR9998801,VERIFIED,0.96,0.96,0.83,0.77
CUST_00000318,YUEJJ5920T,S1573078,UP2720211365795,UUP1387351,VERIFIED,0.96,0.99,0.88,0.96
CUST_00000319,SNMYM5676G,H8422431,GJ3320181422019,DCL3546444,VERIFIED,0.99,0.95,0.88,0.9
CUST_00000320,UIJEG6308Q,R6790002,N/A,FIH8627997,VERIFIED,0.93,0.95,0.83,0.91
CUST_00000321,TXAHV7445U,A4571327,N/A,N/A,VERIFIED,0.93,0.94,0.84,0.93
CUST_00000322,MNUTS4731Y,W4480183,MH6420225950249,IKR4753079,VERIFIED,0.94,0.89,0.94,0.82
CUST_00000323,DYIQP6892M,C5115480,KA8720182980240,ARM1092260,VERIFIED,0.95,0.89,0.95,0.75
CUST_00000324,BNEWK1154C,M9812474,N/A,PYP5620103,VERIFIED,0.9,0.91,0.95,0.82
CUST_00000325,UNXWL5728O,N/A,N/A,JVU3884164,VERIFIED,0.9,1.0,0.83,0.91
CUST_00000326,KRSCS0818R,N/A,TS8620241119777,SSF4959017,VERIFIED,0.85,0.9,0.93,0.9
CUST_00000327,ILGNM0673X,N/A,N/A,N/A,VERIFIED,0.89,0.89,0.95,0.9
CUST_00000328,KFAGS1644C,R6744218,KA2320142082915,N/A,VERIFIED,0.91,0.93,0.85,0.83
CUST_00000329,NKCTR1320V,R2688678,WB8920147448861,BAU7932049,VERIFIED,0.97,0.98,0.85,0.9
CUST_00000330,IERFW7811N,N/A,N/A,NVI6693421,VERIFIED,0.94,0.92,0.84,0.9
CUST_00000331,IARAF2626B,N/A,KA2820165058906,TMZ7795203,VERIFIED,0.95,0.9,0.96,0.82
CUST_00000332,QKYUD1769V,P0094575,MH3020102081318,ITT6032120,VERIFIED,0.89,0.98,0.82,0.84
CUST_00000333,YPYTI2675N,U8727320,TN8820213731992,PJI4080161,VERIFIED,0.92,0.93,0.9,0.89
CUST_00000334,FCPVY2073X,G2122462,UP1120156681434,N/A,VERIFIED,0.94,0.92,0.94,0.93
CUST_00000335,JMKPL1947N,N/A,N/A,WTX5172443,PENDING_REVERIFICATION,0.61,0.44,0.31,0.11
CUST_00000336,PBDME1057P,M9993465,N/A,KBX3514297,VERIFIED,0.9,0.88,0.87,0.9
CUST_00000337,NMRSQ9720L,N/A,N/A,QRS6246269,VERIFIED,0.96,0.97,0.89,0.84
CUST_00000338,VAUQX3595G,N1465585,WB9720241491049,COU8227601,VERIFIED,0.92,0.97,0.9,0.76
CUST_00000339,MCUKK2411E,N/A,N/A,FEY4810172,VERIFIED,0.93,1.0,0.83,0.83
CUST_00000340,XKQQW1232K,A5461070,MH1320138763320,UJN9247636,VERIFIED,0.96,0.95,0.84,0.94
CUST_00000341,IIGJK6988A,N/A,UP9020162329736,ADN9724685,VERIFIED,0.9,0.99,0.87,0.86
CUST_00000342,RAQYI6897V,N/A,N/A,LPK6049998,VERIFIED,0.85,0.96,0.89,0.78
CUST_00000343,XTHFD5585E,N/A,UP1220149206442,ZMX9452196,VERIFIED,0.95,0.89,0.86,0.94
CUST_00000344,CZAYI3276V,N/A,KA8620128968149,QMU3259039,REJECTED,0.47,0.47,0.22,0.48
CUST_00000345,TSRUZ4222D,N/A,N/A,N/A,VERIFIED,0.98,0.9,0.97,0.98
CUST_00000346,CTYTD3895A,N/A,N/A,IPE3477916,VERIFIED,0.91,0.95,0.83,0.89
CUST_00000347,PCAWI8226E,N/A,TS1920210576195,PIZ1974847,VERIFIED,0.98,1.0,0.9,0.97
CUST_00000348,JZIVF7870Y,N/A,DL6320216573446,HVX1034433,VERIFIED,0.88,0.96,0.93,0.79
CUST_00000349,BSHXS5037Z,N/A,N/A,BYH6544828,REJECTED,0.44,0.7,0.29,0.39
CUST_00000350,FQJWC7839V,F9091096,WB2020206777895,N/A,VERIFIED,0.86,0.93,0.82,0.86
CUST_00000351,GDKHP1779V,N/A,KA6020236410590,HQJ1046505,VERIFIED,0.98,1.0,0.83,0.93
CUST_00000352,OHTUE4645D,K0971805,UP0920189810000,OVQ7261860,VERIFIED,0.98,0.95,0.88,0.93
CUST_00000353,LIBOQ0270D,Q2919620,TS8520187464524,DMI9965660,VERIFIED,0.88,0.9,0.97,0.77
CUST_00000354,ADWFD5527N,N/A,KA7120144373392,JXK0246507,REJECTED,0.63,0.49,0.58,0.36
CUST_00000355,ZSFJR8641Z,N3922564,GJ8220116087101,XUD7209297,VERIFIED,0.89,0.92,0.96,0.97
CUST_00000356,DNWPU0352I,N/A,KA0720125335095,YKI7955841,VERIFIED,0.92,0.9,0.91,0.79
CUST_00000357,ANEDJ7079W,Y2671975,N/A,HLY8838943,REJECTED,0.66,0.56,0.36,0.46
CUST_00000358,CCSYE0754A,N/A,WB8720182288889,MNZ8646977,VERIFIED,0.94,0.9,0.96,0.87
CUST_00000359,STGTY8856T,O9685208,GJ0720168313243,JJC9257122,VERIFIED,0.96,0.88,0.89,0.87
CUST_00000360,FTOFH9680O,T8004213,N/A,SKA4158490,VERIFIED,0.89,0.91,0.82,0.92
CUST_00000361,UGMJJ8529V,N/A,UP2120125934736,TAW7121430,VERIFIED,0.97,0.93,0.87,0.82
CUST_00000362,RYYZD4461Y,N/A,N/A,TWN9831101,VERIFIED,0.98,0.98,0.98,0.92
CUST_00000363,NTGRI9742P,C7215278,TN8620237200093,FSV7519562,REJECTED,0.57,0.45,0.51,0.36
CUST_00000364,DAZYL6004J,N/A,TN2920157148367,MNQ3223430,VERIFIED,0.89,0.97,0.94,0.77
CUST_00000365,BBTFM9119L,N/A,GJ3920111625498,RRU1387562,VERIFIED,0.97,0.96,0.93,0.86
CUST_00000366,HPCCQ6098G,N/A,TN9120171654862,BOI7927015,VERIFIED,0.89,0.98,0.85,0.83
CUST_00000367,GWWXZ8479C,P4950561,N/A,N/A,VERIFIED,0.95,0.95,0.97,0.86
CUST_00000368,BOUST3689F,O7374211,TN7620210148669,WUL7532751,VERIFIED,0.9,0.88,0.95,0.75
CUST_00000369,BGBDW9276H,N/A,N/A,ZFD6693982,VERIFIED,0.95,0.98,0.91,0.97
CUST_00000370,DXHZQ0372I,A5977173,TS8120209242196,FLI2683474,VERIFIED,0.88,0.98,0.91,0.84
CUST_00000371,DMMLV1591J,A3886114,N/A,LQK7170031,VERIFIED,0.89,0.98,0.93,0.93
CUST_00000372,AVYDU2957A,Z1737245,UP2120145565948,MGO2500518,VERIFIED,0.98,0.88,0.93,0.76
CUST_00000373,KAFFK3296V,N/A,KA6320121847770,FYH0339001,VERIFIED,0.94,0.92,0.94,0.84
CUST_00000374,LIELX6628I,P6987009,N/A,DRI3774059,VERIFIED,0.95,0.92,0.83,0.84
CUST_00000375,HCZEK3464Z,N/A,GJ1820224125654,JOO4520757,VERIFIED,0.88,0.93,0.94,0.77
CUST_00000376,VFCJF8341D,B9387148,WB3220133767948,BDZ7309376,VERIFIED,0.86,0.94,0.85,0.97
CUST_00000377,BVWAJ0058E,Y1776243,MH3720112615356,BQP1134947,VERIFIED,0.91,0.92,0.88,0.81
CUST_00000378,GOHFY2039X,G4038960,UP6220156796449,VEU6110680,VERIFIED,0.94,1.0,0.92,0.77
CUST_00000379,HOBPT3560I,C9557039,N/A,AJH3177970,VERIFIED,0.93,0.95,0.92,0.81
CUST_00000380,KTCUD5358J,F1480788,N/A,RTE9576937,VERIFIED,0.95,0.95,0.87,0.81
CUST_00000381,IJWLX7326C,N/A,N/A,N/A,VERIFIED,0.87,0.99,0.94,0.95
CUST_00000382,YOZCA7387C,P0391230,DL9120227729954,GMG8611508,VERIFIED,0.91,0.88,0.91,0.81
CUST_00000383,KWXDJ8936Q,N/A,N/A,LWZ0907651,VERIFIED,0.88,0.96,0.98,0.77
CUST_00000384,CJOWF8634R,O1119344,KA4120158158677,FTC4591259,VERIFIED,0.98,0.93,0.86,0.85
CUST_00000385,UBVUZ2207N,N/A,TS3320202954563,CBK2785628,VERIFIED,0.94,0.91,0.93,0.77
CUST_00000386,CXITE3446F,W4958581,N/A,SPD6878708,REJECTED,0.38,0.49,0.3,0.13
CUST_00000387,YMIUR2799E,N/A,N/A,QQP0716762,VERIFIED,0.86,0.99,0.95,0.94
CUST_00000388,FERYJ3338D,N/A,N/A,SQL4355711,VERIFIED,0.94,0.97,0.94,0.87
CUST_00000389,LEPOJ8642T,D9816644,KA8220178445005,N/A,VERIFIED,0.93,0.91,0.88,0.96
CUST_00000390,PAHKF4314D,N/A,N/A,JUM9673975,VERIFIED,0.88,0.96,0.89,0.85
CUST_00000391,GRHXX6090A,N/A,N/A,DJV8539929,VERIFIED,0.89,0.93,0.82,0.82
CUST_00000392,FQVUP1691K,N/A,DL5620131670641,SDD5379813,VERIFIED,0.86,0.97,0.89,0.9
CUST_00000393,CAAUD6595A,X7967162,TN6920234114687,SUJ2001098,REJECTED,0.55,0.68,0.53,0.41
CUST_00000394,CYDDG1089G,M1744624,GJ8220247564487,VEA1560994,VERIFIED,0.92,0.94,0.88,0.83
CUST_00000395,POETY1005E,N/A,N/A,FJX0106121,VERIFIED,0.98,0.92,0.88,0.87
CUST_00000396,CSQMV4992G,N/A,N/A,RXH3573794,VERIFIED,0.93,0.94,0.85,0.95
CUST_00000397,WLTVQ6453U,N/A,N/A,N/A,VERIFIED,0.91,0.95,0.85,0.9
CUST_00000398,VLXYG4689Q,L3184122,GJ4820125275645,DIA3478536,VERIFIED,0.87,0.88,0.93,0.92
CUST_00000399,NCHPW8084Y,N/A,WB4120235370747,FBM0214652,REJECTED,0.64,0.48,0.34,0.15
CUST_00000400,AAUOA4190R,Q0600872,GJ5220119335686,UMB2946989,VERIFIED,0.86,0.93,0.86,0.8
CUST_00000401,CFVDZ8720X,N/A,GJ6920100880653,GUC9036821,VERIFIED,0.91,0.94,0.93,0.91
CUST_00000402,DLDWT8944D,Q5569372,TS9920141389058,JVG6860426,VERIFIED,0.94,0.94,0.84,0.89
CUST_00000403,MKMIV7539W,O6811934,TN5220131151577,HEH8618728,VERIFIED,0.88,0.93,0.96,0.8
CUST_00000404,EARLG9041Q,N/A,WB6620150891828,LJB3911126,VERIFIED,0.86,0.94,0.91,0.89
CUST_00000405,NCBGC1852R,N/A,KA3620136787381,KCT8227325,VERIFIED,0.92,0.98,0.95,0.94
CUST_00000406,TCNSM3923C,N/A,DL2420157637263,DAM3120685,VERIFIED,0.88,0.98,0.96,0.86
CUST_00000407,ZPMGC8598Q,Q1103747,TS8520174253643,N/A,VERIFIED,0.88,0.89,0.96,0.84
CUST_00000408,JAJSX7895D,N/A,N/A,HNQ1429305,VERIFIED,0.86,0.93,0.95,0.85
CUST_00000409,SLFCX3126R,N/A,UP6820124451152,XJI5921578,VERIFIED,0.9,0.92,0.83,0.84
CUST_00000410,DUOUJ1091V,N/A,N/A,DZQ6327002,VERIFIED,0.85,0.91,0.93,0.86
CUST_00000411,PBHLR0232Q,V9597174,N/A,XHA9263398,VERIFIED,0.86,0.97,0.91,0.93
CUST_00000412,XPELW8172N,N/A,N/A,OHC5653841,VERIFIED,0.94,0.95,0.94,0.79
CUST_00000413,LIYSM4440R,A9476325,N/A,DOO2734088,VERIFIED,0.96,0.95,0.92,0.95
CUST_00000414,LBBVQ3024K,N/A,MH1620219808254,RTB2174268,VERIFIED,0.95,0.91,0.85,0.82
CUST_00000415,HIZAM6106D,Q0248401,WB6220123941436,VOV6864618,VERIFIED,0.92,0.9,0.83,0.91
CUST_00000416,RETOM2694V,I3614404,N/A,OAH6860994,VERIFIED,0.89,0.96,0.86,0.97
CUST_00000417,SHZJW5373C,N/A,DL8420125903349,ROL8176908,VERIFIED,0.95,0.91,0.92,0.81
CUST_00000418,MZPES5626S,N/A,N/A,YJQ4081019,VERIFIED,0.88,0.89,0.93,0.83
CUST_00000419,MTZVT2818Y,N9020743,MH2320151806252,SJZ5124221,PENDING_REVERIFICATION,0.39,0.58,0.22,0.4
CUST_00000420,VVEPQ6288L,Y4501796,N/A,N/A,VERIFIED,0.98,1.0,0.95,0.94
CUST_00000421,MVOMJ6510N,U3007212,GJ0320134863656,XGS0890589,VERIFIED,0.99,0.92,0.94,0.94
CUST_00000422,NKBSC4920K,N/A,N/A,KFX0283790,REJECTED,0.35,0.41,0.34,0.45
CUST_00000423,MUOPV8304X,N/A,KA7120172172056,HBA5643890,VERIFIED,0.85,0.97,0.92,0.93
CUST_00000424,BUVNW6750Y,M6441489,N/A,JFL0252787,VERIFIED,0.94,0.98,0.91,0.88
CUST_00000425,OZASV0110L,N/A,N/A,PXZ1366092,VERIFIED,0.9,0.91,0.92,0.96
CUST_00000426,SVXWL3358H,N/A,TS4120219083507,NBX7622192,VERIFIED,0.99,1.0,0.92,0.94
CUST_00000427,TFJVD9664D,N/A,MH6420230566335,HPH9083034,VERIFIED,0.94,0.96,0.88,0.97
CUST_00000428,FJRNR0799Y,K9985738,WB5520220958291,UOY9295477,VERIFIED,0.94,0.91,0.84,0.9
CUST_00000429,GYMZG9262H,N/A,TS4420196620310,BHG2670368,VERIFIED,0.94,0.98,0.85,0.75
CUST_00000430,WLAAA3654S,N/A,KA3620249251761,IBE7281616,VERIFIED,0.96,1.0,0.91,0.86
CUST_00000431,BCBRW5070W,I9088502,KA1020187445942,CCF5860420,VERIFIED,0.98,0.95,0.91,0.83
CUST_00000432,PJZXJ9203J,E9068575,GJ2820169775854,ASJ9009255,VERIFIED,0.93,0.99,0.96,0.9
CUST_00000433,OKTWN0454I,G8222734,N/A,N/A,VERIFIED,0.95,0.91,0.95,0.98
CUST_00000434,TDGTW3359U,P6445815,N/A,UKP1223049,VERIFIED,0.92,0.98,0.83,0.83
CUST_00000435,OQUXW0125P,X1880105,N/A,N/A,VERIFIED,0.98,0.89,0.88,0.77
CUST_00000436,NKKDS2238K,S6170999,UP9520237309668,HMD1799085,VERIFIED,0.86,0.9,0.84,0.97
CUST_00000437,JQJLN5902K,N/A,N/A,BNN5923790,VERIFIED,0.96,0.92,0.87,0.8
CUST_00000438,YWTLH8331J,I4219261,TN8620142365640,CON1508514,VERIFIED,0.86,0.91,0.95,0.78
CUST_00000439,VJHYL4149W,W9184012,N/A,RZU7201347,VERIFIED,0.92,0.92,0.91,0.93
CUST_00000440,RBRXA1751R,V8696258,TN8720134450762,MME4160572,VERIFIED,0.94,0.91,0.9,0.77
CUST_00000441,LMPSB6662L,N/A,UP6820203020979,N/A,REJECTED,0.47,0.63,0.43,0.4
CUST_00000442,WVWRM6552H,N/A,N/A,CWT2936143,VERIFIED,0.97,1.0,0.96,0.84
CUST_00000443,CSSUM8442J,I5870723,WB5720166688733,GBM2604285,VERIFIED,0.92,0.98,0.88,0.95
CUST_00000444,UCZPD5903Y,W3370025,DL6920163847594,HEJ4520875,VERIFIED,0.87,0.9,0.97,0.79
CUST_00000445,NUBHA6607Z,N/A,WB8420162201057,VWW0577075,VERIFIED,0.88,0.95,0.88,0.9
CUST_00000446,XCPKV8747J,I4095342,WB7220148109260,HSN3979774,VERIFIED,0.88,0.9,0.95,0.82
CUST_00000447,PAULM1316C,N/A,N/A,CEW4216475,VERIFIED,0.9,0.98,0.88,0.77
CUST_00000448,GTGII1354A,N/A,N/A,GFO4492445,VERIFIED,0.94,0.91,0.85,0.95
CUST_00000449,TTXLC1051G,O8184651,WB5220104978657,DZS8238512,VERIFIED,0.96,0.96,0.94,0.78
CUST_00000450,RUYJP4237E,N/A,DL6820217950227,AKD0931653,VERIFIED,0.98,0.88,0.87,0.8
CUST_00000451,BMEJO2692N,S7379562,N/A,PCF1515635,VERIFIED,0.96,0.9,0.9,0.85
CUST_00000452,WPZTQ9202G,N/A,N/A,CUD1838054,VERIFIED,0.97,0.9,0.82,0.8
CUST_00000453,RINDO3343Q,K5889987,WB7220178222405,SGD8618873,VERIFIED,0.92,0.94,0.83,0.76
CUST_00000454,LQWXE3991L,N/A,TN0120195207492,N/A,VERIFIED,0.85,0.93,0.86,0.76
CUST_00000455,IXXNA2663W,N/A,TS3620200960110,ZVW9964487,VERIFIED,0.87,0.93,0.95,0.84
CUST_00000456,UAAXD7814D,N/A,MH5720201045648,IWH8673688,VERIFIED,0.94,0.95,0.97,0.84
CUST_00000457,EZSJA6460G,Y5704215,DL8220210054097,N/A,VERIFIED,0.96,0.91,0.88,0.76
CUST_00000458,IODMV0909F,N/A,KA2420159917827,N/A,VERIFIED,0.94,0.96,0.87,0.95
CUST_00000459,QAEAQ4893V,N/A,N/A,QXE7107113,VERIFIED,0.89,1.0,0.82,0.91
CUST_00000460,FEWEH6245L,N/A,UP8120202860090,N/A,VERIFIED,0.9,0.89,0.89,0.81
CUST_00000461,AVKNF7387G,K6587072,N/A,N/A,VERIFIED,0.9,0.99,0.83,0.77
CUST_00000462,MACRE1533S,B3139143,KA2420246006320,HME0845438,VERIFIED,0.91,0.94,0.86,0.86
CUST_00000463,GJIRH9879Q,N/A,N/A,CLH5511356,VERIFIED,0.98,0.98,0.94,0.76
CUST_00000464,NYODR7007E,Z3346213,DL3120233411177,LSE5701053,VERIFIED,0.91,0.99,0.96,0.96
CUST_00000465,FMJMG9339M,Y3268553,MH2920242989030,TJI8679611,VERIFIED,0.88,0.92,0.89,0.94
CUST_00000466,FLIRL2380N,F1684061,N/A,WUA3534494,VERIFIED,0.92,0.92,0.92,0.85
CUST_00000467,UHGQP8434K,R9114780,MH4420249901125,GNP8440840,VERIFIED,0.9,0.97,0.93,0.96
CUST_00000468,PJLRT0224O,N/A,GJ3920200597522,PJA7200764,VERIFIED,0.91,0.92,0.82,0.94
CUST_00000469,HZRGV8754C,N/A,GJ4820102462064,PSV1573634,VERIFIED,0.87,1.0,0.85,0.77
CUST_00000470,ETSTC9975J,N/A,N/A,QOU6052926,VERIFIED,0.92,0.89,0.85,0.88
CUST_00000471,ENBKE2027V,E2476027,N/A,N/A,VERIFIED,0.89,1.0,0.89,0.83
CUST_00000472,FPSPL4554R,A3381845,DL8720164289810,KRO0490753,VERIFIED,0.88,0.95,0.86,0.88
CUST_00000473,TLMEP6547Y,J5429168,N/A,N/A,VERIFIED,0.9,0.92,0.95,0.83
CUST_00000474,CFZOE1774N,L7453318,GJ6520188934009,KWM4849125,VERIFIED,0.97,0.91,0.88,0.94
CUST_00000475,IMEXJ6946T,N/A,TN1820198445001,ZPT9325403,VERIFIED,0.98,0.89,0.97,0.91
CUST_00000476,TWROW8138F,N/A,UP9220243351842,IHX2426979,VERIFIED,0.87,0.96,0.98,0.88
CUST_00000477,NCPIX1490B,N/A,WB6720176464523,BKG7176504,VERIFIED,0.94,0.99,0.93,0.77
CUST_00000478,SHKVT3756N,Z1128711,WB8520152381528,XUF0608422,VERIFIED,0.96,0.95,0.88,0.81
CUST_00000479,HLUSO5712H,L5737537,TS2020212156763,DHJ6023527,VERIFIED,0.94,0.89,0.88,0.79
CUST_00000480,TZKQE3183L,M8415180,N/A,YII2277634,VERIFIED,0.87,0.99,0.91,0.8
CUST_00000481,XXVVU5226M,N/A,N/A,N/A,VERIFIED,0.97,0.99,0.97,0.9
CUST_00000482,QYNHZ8507O,N/A,TN3220143064940,RQG6406501,VERIFIED,0.94,0.93,0.94,0.94
CUST_00000483,VBXNB2554R,Z0704440,N/A,PPH0497465,VERIFIED,0.91,0.93,0.97,0.81
CUST_00000484,QTZGK2634J,N/A,TS3420238928668,GHO3499439,VERIFIED,0.93,0.92,0.83,0.81
CUST_00000485,MEBLH9465F,G7725351,N/A,N/A,VERIFIED,0.95,0.92,0.93,0.94
CUST_00000486,HPOEE7786F,N/A,GJ6720179986297,UUH9483133,VERIFIED,0.99,0.88,0.92,0.9
CUST_00000487,TLLKK7493Z,N/A,DL5920224600436,N/A,VERIFIED,0.94,0.91,0.87,0.88
CUST_00000488,ASFSH3373R,X1258123,UP9320197883140,YYU3972950,VERIFIED,0.96,0.99,0.83,0.84
CUST_00000489,BINLH4809X,N8855543,TS7220184889206,RDU8679377,VERIFIED,0.87,0.91,0.82,0.94
CUST_00000490,FIFJF9269E,N/A,KA8320167169424,KMB5950405,VERIFIED,0.98,0.93,0.83,0.76
CUST_00000491,UUMOQ7597R,N/A,DL6620231471870,OMQ1068489,VERIFIED,0.85,0.97,0.87,0.76
CUST_00000492,DIEOL7798M,N/A,TS0120196542234,N/A,VERIFIED,0.89,0.97,0.86,0.96
CUST_00000493,AFLGF6346Y,S9875113,KA0420180661905,UOY3322342,VERIFIED,0.97,0.98,0.86,0.8
CUST_00000494,YFJDX4834X,N/A,N/A,WFB4175195,VERIFIED,0.9,0.98,0.83,0.8
CUST_00000495,PNEFY7394G,N/A,KA6520158019157,GCL0848398,VERIFIED,0.9,0.93,0.9,0.79
CUST_00000496,LWHZC6349I,N/A,N/A,SXB8105140,VERIFIED,0.87,0.91,0.88,0.84
CUST_00000497,PFTHQ8415E,N/A,DL4720241835287,UAF4386000,VERIFIED,0.95,0.9,0.92,0.81
CUST_00000498,MTDKO7711L,N/A,N/A,XCZ1498516,VERIFIED,0.91,0.91,0.93,0.94
CUST_00000499,QIMXD6367P,N/A,N/A,MVO1581677,VERIFIED,0.95,0.92,0.93,0.81
CUST_00000500,HPGGS3745Q,S9283317,N/A,WTU6790682,VERIFIED,0.99,0.98,0.93,0.88
CUST_00000501,KAMWE8949O,N/A,TS7020171976677,TRN3913874,VERIFIED,0.91,0.93,0.87,0.88
CUST_00000502,CWTGU4050O,N/A,KA1620184961249,N/A,VERIFIED,0.97,0.95,0.94,0.75
CUST_00000503,DJLOY9918Q,N/A,TN1920233722145,N/A,VERIFIED,0.89,0.91,0.94,0.81
CUST_00000504,UFTNU5505R,N/A,TN8920182797659,JCE6687196,VERIFIED,0.94,0.98,0.87,0.91
CUST_00000505,WHYYH9984E,N/A,TS0120114216605,SRF7507141,VERIFIED,0.91,0.91,0.94,0.8
CUST_00000506,ZZZKE4523H,N/A,TS1820246735055,DTY1467013,VERIFIED,0.88,0.89,0.84,0.89
CUST_00000507,CQMRH1740Y,N/A,GJ3520106400537,VGQ4178425,VERIFIED,0.92,0.99,0.87,0.86
CUST_00000508,CTYWG8474B,U1787963,TS4620110216865,CUG4561775,REJECTED,0.46,0.58,0.27,0.23
CUST_00000509,VJNYJ6579S,N/A,N/A,CZG5768706,VERIFIED,0.93,0.95,0.9,0.77
CUST_00000510,LLWAK8749G,S1632404,TS4620235772197,JZH7366715,VERIFIED,0.91,0.9,0.93,0.82
CUST_00000511,WQTTU1403R,N/A,TN4120235131063,N/A,VERIFIED,0.94,0.96,0.97,0.82
CUST_00000512,CSQIM1327L,K8879315,TS9720189030410,EQB0796813,VERIFIED,0.94,0.95,0.82,0.92
CUST_00000513,JDKVT8769K,H4056248,TN3220243788844,LVD2984459,VERIFIED,0.87,0.89,0.95,0.96
CUST_00000514,EENKO9327L,N/A,TS5620156115539,XYI3918925,VERIFIED,0.96,0.89,0.82,0.91
CUST_00000515,DZUNM3867W,W6594506,UP7620161084778,YEO5038160,VERIFIED,0.97,0.99,0.91,0.87
CUST_00000516,SOYSS4799G,V4563589,DL9920189846087,IAP7319657,VERIFIED,0.9,0.91,0.84,0.82
CUST_00000517,TGPTE1641C,D9593461,GJ2420115220993,N/A,VERIFIED,0.92,0.98,0.98,0.88
CUST_00000518,JSWME4296K,N/A,UP9720118789035,GWB5600903,VERIFIED,0.94,0.96,0.87,0.78
CUST_00000519,HUOJB1645L,N/A,KA8820242594952,POX7811800,VERIFIED,0.95,0.97,0.96,0.86
CUST_00000520,NYYUI2315D,N/A,UP2520192604707,ZXY9534153,REJECTED,0.47,0.6,0.54,0.19
CUST_00000521,JGVEK3998V,W7580695,N/A,SNT6217264,VERIFIED,0.93,0.94,0.83,0.76
CUST_00000522,JMMIM3472V,W0810875,DL8320150804569,NBH1908875,VERIFIED,0.94,0.98,0.83,0.86
CUST_00000523,EJSXC9870G,N/A,UP2720190261603,BJX1296931,VERIFIED,0.98,0.98,0.91,0.92
CUST_00000524,KFXKE5629V,S7939694,MH5420236939726,JVE7206071,VERIFIED,0.95,0.95,0.88,0.96
CUST_00000525,RBCEU0517V,W9352511,TN1220188354504,FNA4103060,VERIFIED,0.95,0.92,0.93,0.84
CUST_00000526,LJTLT6597X,N/A,GJ0620190238424,YIY9326312,VERIFIED,0.89,0.89,0.91,0.97
CUST_00000527,BEFRL8025R,F1906456,DL9320245396497,JDC2358712,VERIFIED,0.87,0.96,0.98,0.85
CUST_00000528,QOBQX9626O,X2429648,UP6920246042066,FHT9321742,VERIFIED,0.91,0.93,0.93,0.85
CUST_00000529,BKWWZ1624N,N/A,UP9420177447287,N/A,VERIFIED,0.94,0.99,0.84,0.86
CUST_00000530,YMIRD5275X,N/A,GJ6020186848596,JHK4549984,VERIFIED,0.87,0.93,0.85,0.92
CUST_00000531,FIXRY4902S,V1967658,DL5320157861464,GTT4675600,VERIFIED,0.97,0.95,0.88,0.93
CUST_00000532,BAXWI0937G,N/A,TS0920155293213,PVM7215914,VERIFIED,0.91,0.92,0.84,0.78
CUST_00000533,NQEOM9699V,E9008447,GJ5720199595062,EXZ9589801,VERIFIED,0.96,0.95,0.95,0.77
CUST_00000534,HKDZU6937Z,N/A,KA4620198300526,N/A,VERIFIED,0.89,0.99,0.84,0.95
CUST_00000535,AXKEW1259P,N/A,GJ2220104006466,SGZ3296630,REJECTED,0.5,0.59,0.57,0.4
CUST_00000536,WYAOH1436I,N/A,N/A,N/A,PENDING_REVERIFICATION,0.33,0.66,0.31,0.16
CUST_00000537,SIUWU4397R,G4299063,KA0320222156306,UCB3187800,REJECTED,0.64,0.52,0.29,0.3
CUST_00000538,UWQEQ8487D,T1717009,N/A,N/A,VERIFIED,0.9,0.98,0.91,0.94
CUST_00000539,AUGBC3541P,N/A,N/A,PEH6801011,VERIFIED,0.98,0.94,0.92,0.8
CUST_00000540,DOZSS0139F,N/A,WB8220239937283,HKQ2232086,REJECTED,0.59,0.57,0.29,0.4
CUST_00000541,HEBMX0746W,O0705936,KA7320145353006,LTM4739150,VERIFIED,0.88,0.93,0.83,0.84
CUST_00000542,JMMYW9484E,N/A,WB5420102339282,UJW1348919,VERIFIED,0.87,0.94,0.83,0.77
CUST_00000543,FAMHF4188I,N/A,TN2520178374128,N/A,VERIFIED,0.98,0.89,0.84,0.76
CUST_00000544,LYEZB9034J,E2984031,TS8820197197383,PPN3361540,PENDING_REVERIFICATION,0.62,0.49,0.23,0.18
CUST_00000545,JGYRX9694I,R3769975,TN9120193976501,VGO8383135,VERIFIED,0.9,1.0,0.93,0.97
CUST_00000546,MXYSB3177L,Y0263841,TS4120175270870,PNV6951771,REJECTED,0.55,0.61,0.36,0.32
CUST_00000547,UHUKV0210U,U7049165,UP9820151807659,YLF6253003,VERIFIED,0.86,0.99,0.92,0.92
CUST_00000548,MDVJA4316Y,B6370577,UP0920241139084,DCE7033030,VERIFIED,0.88,0.98,0.93,0.88
CUST_00000549,KBKUS5021Y,N/A,N/A,XGG6508202,VERIFIED,0.9,0.97,0.98,0.81
CUST_00000550,GDWNI7607P,N/A,N/A,ASK0202430,VERIFIED,0.91,1.0,0.85,0.93
CUST_00000551,WNVKD0662L,Q3872183,N/A,QLL9672131,VERIFIED,0.97,0.98,0.96,0.76
CUST_00000552,YFTTH6253O,N/A,MH8320203855573,OWG5321347,VERIFIED,0.91,0.94,0.98,0.78
CUST_00000553,SLKTX4576H,N/A,KA7920110004543,WQW9933510,VERIFIED,0.98,0.99,0.97,0.98
CUST_00000554,FELWB4078J,E2988297,MH6120120240654,CSL8620506,VERIFIED,0.91,0.92,0.92,0.88
CUST_00000555,FKJAL4108V,C9877226,TN3120217516011,VZB5857777,VERIFIED,0.88,0.97,0.82,0.83
CUST_00000556,HCJVO3975K,N/A,GJ5320129734339,KMJ2874534,VERIFIED,0.93,0.98,0.94,0.89
CUST_00000557,PXIJM7810Q,N/A,DL7720159063238,QTW5978388,VERIFIED,0.93,0.94,0.87,0.75
CUST_00000558,ZONOG5976Z,N/A,GJ6320115460771,TUO3635769,REJECTED,0.66,0.46,0.39,0.14
CUST_00000559,FQEST7897P,N/A,DL1020215143156,GKV5080011,VERIFIED,0.98,0.9,0.82,0.95
CUST_00000560,UBGYK3463M,N/A,N/A,JHQ9656943,VERIFIED,0.91,0.97,0.97,0.88
CUST_00000561,GMUTU4589V,P9397020,TN9320231577153,LTG9037824,VERIFIED,0.89,0.95,0.91,0.85
CUST_00000562,ADWUY4546M,N/A,MH3320191974151,SMX2123118,VERIFIED,0.92,0.91,0.87,0.84
CUST_00000563,FMAUU9701K,N/A,UP3020217460265,VYD1196047,VERIFIED,0.96,0.99,0.82,0.79
CUST_00000564,LSXJO4047C,N/A,KA1220146000247,MNG9100116,VERIFIED,0.95,0.99,0.98,0.92
CUST_00000565,OOMZR5102J,E7335052,N/A,NHV3242642,VERIFIED,0.98,0.91,0.86,0.78
CUST_00000566,EOQWB6817P,N/A,KA7320124145111,QKQ9847033,VERIFIED,0.96,0.97,0.87,0.84
CUST_00000567,FSJLV2949Q,N6715274,N/A,ABC8163348,VERIFIED,0.89,0.97,0.94,0.91
CUST_00000568,XHNII9538W,N/A,DL6120151526521,RZN6069852,VERIFIED,0.95,0.95,0.85,0.87
CUST_00000569,YIGEZ1362T,N6167861,GJ9220189276177,IUP1786278,VERIFIED,0.88,0.93,0.86,0.8
CUST_00000570,EQMGM2551T,N/A,N/A,BDJ5308249,VERIFIED,0.98,0.98,0.85,0.97
CUST_00000571,OVNKG9641N,M3117900,KA7120184503245,DCT4060197,VERIFIED,0.87,0.91,0.87,0.94
CUST_00000572,HGFPT9320S,N/A,GJ9820132883036,N/A,VERIFIED,0.96,0.9,0.93,0.97
CUST_00000573,UVFQY0792P,N/A,KA1320136818298,FLE1212355,VERIFIED,0.92,0.89,0.87,0.93
CUST_00000574,KFCCS4736M,N/A,MH7020224558761,N/A,VERIFIED,0.94,0.97,0.95,0.97
CUST_00000575,FRLWI0534G,L1086142,N/A,JHS8389656,VERIFIED,0.95,0.96,0.86,0.95
CUST_00000576,BSAOJ0444N,I3292125,TN0520166116501,BFS1652521,VERIFIED,0.97,0.93,0.85,0.94
CUST_00000577,DLWEK1086S,N/A,DL3720187889459,YXG8170181,VERIFIED,0.93,0.94,0.95,0.94
CUST_00000578,DMTSD9208Y,N/A,TS6620230347590,N/A,VERIFIED,0.95,0.92,0.96,0.92
CUST_00000579,NXKEM8263Z,I4477160,WB1820104818459,N/A,PENDING_REVERIFICATION,0.56,0.6,0.31,0.21
CUST_00000580,LURKO4599L,N/A,WB9720148782377,YEW1009819,VERIFIED,0.87,0.88,0.91,0.97
CUST_00000581,JHAMT2774S,Z7173199,TS6320167824039,SJF1921613,VERIFIED,0.91,0.99,0.9,0.87
CUST_00000582,JXXWC2850P,C3191917,N/A,HAF5047462,REJECTED,0.53,0.53,0.37,0.45
CUST_00000583,BNDLM7077S,Q0993647,N/A,GDX0330391,VERIFIED,0.91,0.91,0.94,0.87
CUST_00000584,OKVDO2900B,I7729161,UP4420196243077,N/A,VERIFIED,0.98,0.92,0.83,0.8
CUST_00000585,WYGOX8365V,V8568728,WB6220145505505,YHZ9058285,VERIFIED,0.97,0.97,0.85,0.78
CUST_00000586,VFYMD0537N,S3014903,N/A,N/A,VERIFIED,0.87,0.94,0.88,0.84
CUST_00000587,XLVEM0912P,N/A,N/A,YKF4228355,PENDING_REVERIFICATION,0.39,0.42,0.28,0.12
CUST_00000588,WCCTD4897W,U1040286,N/A,XSR0130900,VERIFIED,0.94,0.94,0.96,0.95
CUST_00000589,AXUXV4228C,T2062660,N/A,PRA8668352,VERIFIED,0.92,1.0,0.94,0.81
CUST_00000590,SKUGZ3321E,N/A,N/A,N/A,VERIFIED,0.95,0.92,0.82,0.84
CUST_00000591,ABWDZ1723K,S2449667,N/A,HSX6333088,VERIFIED,0.85,0.92,0.86,0.8
CUST_00000592,KVMZU8487W,N6978181,TS5420118168730,WIB1542210,VERIFIED,0.91,0.93,0.96,0.96
CUST_00000593,AJIPI1792E,N/A,GJ8820208472178,HKN5917709,VERIFIED,0.86,0.92,0.87,0.82
CUST_00000594,PHZLH0590N,O9623543,N/A,QBF9225094,VERIFIED,0.87,0.89,0.97,0.79
CUST_00000595,KLYUH8545X,N/A,TS9920190858922,MPN5789371,VERIFIED,0.88,0.98,0.85,0.95
CUST_00000596,RALIG4097F,V2214737,TS4020189205335,QBE1990772,VERIFIED,0.98,0.98,0.96,0.8
CUST_00000597,ETINV5546Z,C3018520,KA0920122446336,INR1973337,VERIFIED,0.93,0.9,0.93,0.79
CUST_00000598,CNVFE6770X,H8975433,MH0520173155468,AJZ9648980,VERIFIED,0.94,0.9,0.91,0.77
CUST_00000599,VPODD4973T,Z0833828,MH3920202297128,SVZ2899347,VERIFIED,0.98,0.99,0.88,0.76
CUST_00000600,KAHEC1551D,D9731550,MH3620149230965,N/A,VERIFIED,0.96,0.89,0.98,0.84
CUST_00000601,TXCSY8596D,N/A,WB9720240683461,IWC3710908,VERIFIED,0.87,0.99,0.97,0.95
CUST_00000602,BVKCE9823F,N/A,N/A,QOW6027198,VERIFIED,0.89,0.96,0.88,0.78
CUST_00000603,NZANH7715B,N/A,N/A,LPK8219452,VERIFIED,0.88,0.91,0.87,0.9
CUST_00000604,QXSGP0157W,N/A,DL7420129734210,DRD0977612,VERIFIED,0.88,0.94,0.95,0.79
CUST_00000605,YOQSV0121X,U7834664,N/A,FQF3886494,VERIFIED,0.85,0.96,0.87,0.76
CUST_00000606,GLEUV7521J,N/A,DL3720142970576,LAU5536462,VERIFIED,0.87,0.92,0.83,0.96
CUST_00000607,MKEFX0242R,Q6123208,TS9620160340571,BYC8229985,VERIFIED,0.98,0.9,0.97,0.8
CUST_00000608,YXQZA9365S,N/A,GJ0120173245035,N/A,VERIFIED,0.92,0.9,0.85,0.96
CUST_00000609,ETSLS2148T,S5041203,UP9820138933633,IFY0051404,VERIFIED,0.98,0.97,0.92,0.95
CUST_00000610,NTCZO7223B,I0512542,GJ3120191992783,CGP7924217,VERIFIED,0.95,0.99,0.89,0.83
CUST_00000611,SYMZU8152S,N/A,TS0120165854558,YTO1795618,VERIFIED,0.98,0.95,0.94,0.94
CUST_00000612,GBEVF2046B,D7737784,KA2120176343233,N/A,VERIFIED,0.96,0.99,0.92,0.92
CUST_00000613,AJNRX1721D,N/A,N/A,LSE7785959,REJECTED,0.56,0.54,0.5,0.26
CUST_00000614,PILVP6241Z,N/A,UP3620154365913,PYU8127405,VERIFIED,0.88,0.92,0.94,0.86
CUST_00000615,UDBTN8536W,X8018720,N/A,WOB5050258,VERIFIED,0.91,0.94,0.96,0.87
CUST_00000616,BMVDU6014N,N/A,KA9520225399620,LRZ3000608,VERIFIED,0.88,0.88,0.83,0.97
CUST_00000617,AITVP0190Z,R6069013,WB8720118456054,N/A,VERIFIED,0.87,0.97,0.92,0.92
CUST_00000618,QTGCV6544Y,N/A,N/A,BET5734540,VERIFIED,0.94,0.89,0.96,0.78
CUST_00000619,BRXJQ0721M,S1475930,N/A,IEO7504426,VERIFIED,0.92,0.98,0.87,0.95
CUST_00000620,PLJZU7985E,C0898258,N/A,N/A,VERIFIED,0.91,0.9,0.93,0.87
CUST_00000621,XTGTZ6548H,N/A,TN4920213148816,NBG1066215,REJECTED,0.51,0.67,0.47,0.3
CUST_00000622,RSKEG4737Q,N/A,N/A,N/A,VERIFIED,0.89,0.89,0.94,0.78
CUST_00000623,LCYGM0396F,L9328177,GJ4420183136590,HYX0034225,VERIFIED,0.87,0.93,0.92,0.97
CUST_00000624,VNXUT3551I,N/A,N/A,IZM8060608,VERIFIED,0.88,0.96,0.92,0.89
CUST_00000625,GXFTJ8237M,N/A,TN1920221714224,CSL4810920,VERIFIED,0.88,0.98,0.85,0.77
CUST_00000626,RMDQZ0400C,Y6573345,WB7120218799215,XAE8901711,VERIFIED,0.93,0.92,0.97,0.96
CUST_00000627,PYGJM7229D,N/A,WB0120243585321,KPI8068865,REJECTED,0.43,0.69,0.2,0.35
CUST_00000628,CHGNI0191X,N/A,DL2820198486799,DGH3020771,VERIFIED,0.92,0.95,0.86,0.86
CUST_00000629,NYBJA7294Z,X0611700,TN0820183408832,JKP8736092,VERIFIED,0.88,0.9,0.9,0.93
CUST_00000630,YTGIB4541U,P4596982,MH1520135100378,XAN4124658,REJECTED,0.62,0.44,0.22,0.3
CUST_00000631,DBGJS0646T,N/A,MH6520159470098,PBH5974284,REJECTED,0.52,0.58,0.33,0.24
CUST_00000632,POYKQ8868U,T7767805,DL6920226143490,PQO1527857,VERIFIED,0.99,1.0,0.96,0.89
CUST_00000633,WYXCV8277N,N/A,WB7320180918931,KSZ4317904,VERIFIED,0.92,0.97,0.87,0.82
CUST_00000634,TIYSN2663H,N/A,DL8520249414590,TVZ8898116,VERIFIED,0.94,0.95,0.86,0.83
CUST_00000635,PIOWD5364I,N/A,KA7120169611890,JKB8044661,VERIFIED,0.85,1.0,0.88,0.89
CUST_00000636,ENOZT2125H,S7356009,UP9720130016412,N/A,VERIFIED,0.87,0.95,0.94,0.84
CUST_00000637,AWLKX0087Q,N/A,TN1020113243588,N/A,VERIFIED,0.87,0.92,0.85,0.96
CUST_00000638,VIZWB0562J,N/A,KA9520150911398,LUW5896603,VERIFIED,0.96,0.94,0.86,0.89
CUST_00000639,QHXLP3098X,M7411077,UP9320207954739,XYZ5907096,VERIFIED,0.99,0.91,0.84,0.8
CUST_00000640,GZFLC1939G,N/A,GJ5220117838195,OCA8811601,REJECTED,0.47,0.66,0.55,0.14
CUST_00000641,TGNRD4531G,N/A,N/A,LXO3571508,VERIFIED,0.87,0.99,0.94,0.97
CUST_00000642,HBVLH0468M,N/A,UP6920112378561,N/A,VERIFIED,0.9,0.96,0.94,0.96
CUST_00000643,XTMNX0868S,R8115915,N/A,TMT6248858,REJECTED,0.41,0.5,0.59,0.39
CUST_00000644,WERIA2790Z,N/A,N/A,SOQ4914084,VERIFIED,0.91,0.98,0.85,0.97
CUST_00000645,XNUWA7316F,F2360383,GJ7020171759946,RKD0690533,VERIFIED,0.94,0.93,0.94,0.8
CUST_00000646,LPBPU2462R,A9198796,TN8520239097988,LSS2962686,VERIFIED,0.9,0.93,0.83,0.88
CUST_00000647,OBCJQ5970U,N/A,UP1220153003832,GOL4591943,VERIFIED,0.91,0.96,0.89,0.87
CUST_00000648,CPSRL6458S,N5718354,MH8320185339414,RAQ6736868,REJECTED,0.67,0.53,0.4,0.51
CUST_00000649,TKSIL0618F,N/A,GJ4820144214533,ENL3186129,VERIFIED,0.91,0.94,0.88,0.97
CUST_00000650,RTWUV2959S,N/A,KA4420162758536,N/A,VERIFIED,0.86,0.95,0.89,0.95
CUST_00000651,GRXET7919M,F9192636,N/A,RCW9173065,PENDING_REVERIFICATION,0.49,0.49,0.39,0.49
CUST_00000652,YYOAI4682G,J6165591,UP7720172765136,BNS5208233,VERIFIED,0.96,0.94,0.86,0.79
CUST_00000653,LIICS3884Q,D2480928,N/A,SQC9703469,VERIFIED,0.92,0.9,0.96,0.86
CUST_00000654,DPMBT1421Q,N/A,N/A,NWJ1138840,VERIFIED,0.95,0.91,0.85,0.76
CUST_00000655,IUNUL4214K,Q3765359,N/A,UIS6119998,VERIFIED,0.93,0.93,0.82,0.93
CUST_00000656,LIDWW0832U,H0268913,N/A,N/A,VERIFIED,0.92,0.94,0.88,0.95
CUST_00000657,IFIMN6476J,N/A,TS3720238720949,NJP9448924,VERIFIED,0.98,0.94,0.89,0.81
CUST_00000658,QLYQD0357F,N/A,GJ3720131167581,NUE5871021,VERIFIED,0.89,0.93,0.98,0.76
CUST_00000659,VAHCJ0022F,N/A,TN9220187770974,INT4761134,VERIFIED,0.92,0.91,0.87,0.77
CUST_00000660,GZOGD1501C,Q8873621,N/A,N/A,VERIFIED,0.93,0.99,0.82,0.94
CUST_00000661,BWSYQ1424W,N/A,TN7320209773642,ZYY3155678,VERIFIED,0.93,0.88,0.86,0.85
CUST_00000662,YTURP6252F,N/A,N/A,N/A,VERIFIED,0.93,0.94,0.88,0.79
CUST_00000663,IJZUW5392D,N/A,N/A,MQT8282952,VERIFIED,0.88,0.95,0.93,0.87
CUST_00000664,GVUPS1488O,N/A,MH2420192924782,LEI6579727,VERIFIED,0.87,0.93,0.88,0.85
CUST_00000665,VDYYN1069E,N/A,GJ5120210910846,OEW2569855,VERIFIED,0.9,0.98,0.86,0.8
CUST_00000666,OJFTS3516M,N/A,MH9720220678434,FHH9688510,VERIFIED,0.92,0.93,0.97,0.88
CUST_00000667,VEFSX8015Y,N/A,GJ8520101551475,HMQ7161044,VERIFIED,0.93,0.97,0.88,0.77
CUST_00000668,FPCZD0112D,N/A,UP5320172342688,N/A,VERIFIED,0.99,0.99,0.86,0.83
CUST_00000669,BPTCC4111X,N/A,N/A,ADI7542972,VERIFIED,0.92,0.96,0.86,0.92
CUST_00000670,HFJFA1663Q,D1710053,DL4420230146670,OID5308189,VERIFIED,0.89,0.94,0.87,0.79
CUST_00000671,JJUVT0975L,E7587241,N/A,EYO5371820,VERIFIED,0.93,1.0,0.86,0.91
CUST_00000672,TEDMB1645I,N/A,MH2220191032111,LSC4541859,VERIFIED,0.86,0.95,0.94,0.8
CUST_00000673,CIYEW6078B,N/A,TN0820110282867,N/A,VERIFIED,0.88,0.9,0.97,0.77
CUST_00000674,QXKMX6383C,L4693412,UP1420124212752,MAB0171287,VERIFIED,0.87,0.91,0.86,0.8
CUST_00000675,KFLHY4400D,Z7315813,N/A,BCN4107398,VERIFIED,0.9,1.0,0.97,0.93
CUST_00000676,HZYMF4110N,F3864754,TN1620180091716,IZU7618998,VERIFIED,0.92,0.97,0.96,0.94
CUST_00000677,XLDJB2180B,I4433577,MH5820198147917,RDG0655907,PENDING_REVERIFICATION,0.3,0.53,0.33,0.41
CUST_00000678,TWQHA2907B,N/A,TS7920198419412,N/A,VERIFIED,0.91,0.97,0.93,0.98
CUST_00000679,APQPM9754H,U0441467,KA5320246408964,YDM9452874,VERIFIED,0.87,0.97,0.91,0.81
CUST_00000680,FRNPH5168C,N/A,TS2220247227407,WYD2049814,VERIFIED,0.93,0.96,0.9,0.76
CUST_00000681,VRRQR2895Z,C2675587,UP1920241878322,CLA8552608,VERIFIED,0.92,0.92,0.86,0.86
CUST_00000682,BOKGN1198Q,Q7299395,N/A,N/A,VERIFIED,0.86,0.97,0.95,0.93
CUST_00000683,BAOKI6811S,C2476954,TS2220197104724,N/A,VERIFIED,0.94,0.94,0.9,0.76
CUST_00000684,ONMTP9946I,N/A,MH7620153847641,SGU7430861,VERIFIED,0.93,0.9,0.93,0.93
CUST_00000685,HXROI3195Z,V6320646,WB5020184171738,SYL2514133,VERIFIED,0.92,0.94,0.84,0.9
CUST_00000686,EYPGQ2509Z,N/A,N/A,UGK6204931,REJECTED,0.32,0.48,0.25,0.22
CUST_00000687,ZNPBA8009D,S8926961,N/A,VFK2440129,VERIFIED,0.95,0.89,0.94,0.81
CUST_00000688,INKUS9397P,N/A,DL3420111633455,N/A,VERIFIED,0.89,0.99,0.82,0.91
CUST_00000689,LQWSH7484X,N/A,N/A,N/A,VERIFIED,0.86,0.98,0.92,0.9
CUST_00000690,MXTUD2576R,R9784500,TS5320181754667,N/A,VERIFIED,0.91,0.88,0.88,0.94
CUST_00000691,UVQXQ9565Z,N/A,TN9020196640885,SOI5568359,VERIFIED,0.92,0.99,0.92,0.82
CUST_00000692,UBDDP1879H,N/A,WB8920105893183,N/A,VERIFIED,0.92,0.92,0.93,0.9
CUST_00000693,CMKSF5753N,N/A,GJ3220162109954,CPI5300658,VERIFIED,0.94,0.88,0.92,0.95
CUST_00000694,HZGBX9629R,N/A,WB5620176886382,BUG0734373,REJECTED,0.61,0.48,0.37,0.48
CUST_00000695,XOUII2780E,N/A,TN4820146785320,WUW1470336,VERIFIED,0.86,0.99,0.95,0.92
CUST_00000696,FBSRE1129Z,O4864476,N/A,KCE7039595,VERIFIED,0.93,0.89,0.94,0.88
CUST_00000697,NKBTZ0453W,P9181594,MH3520172263415,ZKG1807905,REJECTED,0.62,0.41,0.22,0.36
CUST_00000698,FTMFI5370R,N/A,GJ8220126182334,ZYE1662327,VERIFIED,0.89,0.88,0.94,0.89
CUST_00000699,ZGAYG6247G,N/A,N/A,VBD1992577,VERIFIED,0.9,0.9,0.84,0.91
CUST_00000700,MYTZL9326U,N/A,N/A,QTM0853104,VERIFIED,0.86,0.98,0.91,0.89
CUST_00000701,SRBWP3203U,N/A,N/A,N/A,PENDING_REVERIFICATION,0.62,0.49,0.46,0.24
CUST_00000702,FKZZI5828K,N/A,TN4020100600019,WWU7573429,VERIFIED,0.95,0.9,0.86,0.86
CUST_00000703,VIEGX9248G,N/A,GJ8920117971048,PFS5067862,VERIFIED,0.92,0.99,0.84,0.9
CUST_00000704,PDLNR8785N,S5787539,UP7520212228768,VCV6228895,VERIFIED,0.96,0.92,0.89,0.84
CUST_00000705,ZSEDF5245H,N/A,KA2020119222531,MKV9595505,VERIFIED,0.93,0.91,0.97,0.81
CUST_00000706,YEDVA2806M,N/A,UP5620161922910,BAV5896715,VERIFIED,0.87,1.0,0.89,0.97
CUST_00000707,VEJCB7823H,N/A,KA7620180794648,UHU7513493,VERIFIED,0.86,0.9,0.84,0.85
CUST_00000708,RCATZ4790I,N/A,GJ9620196361743,LBA6496400,VERIFIED,0.88,0.89,0.85,0.96
CUST_00000709,QXHCC8922Z,N/A,UP7020151687312,KVX2606351,VERIFIED,0.94,0.96,0.92,0.81
CUST_00000710,KFOJS5434A,Q2458549,UP7920116108323,N/A,VERIFIED,0.97,1.0,0.85,0.91
CUST_00000711,AULJV5805E,N/A,N/A,N/A,VERIFIED,0.88,0.98,0.84,0.93
CUST_00000712,ACLSZ4955F,N/A,WB0220141319685,OAY8310433,VERIFIED,0.91,0.92,0.94,0.97
CUST_00000713,YLLSR1267D,N/A,DL3620119935814,N/A,VERIFIED,0.89,0.89,0.86,0.96
CUST_00000714,KDGEP4500W,N/A,N/A,WXG7218324,VERIFIED,0.85,0.93,0.92,0.78
CUST_00000715,VIUDV1838W,N/A,MH9420101063161,QFS3201828,VERIFIED,0.93,0.89,0.82,0.96
CUST_00000716,ZNXPX8204U,Q1672143,N/A,N/A,VERIFIED,0.89,0.96,0.97,0.96
CUST_00000717,YYUJM0356B,N/A,N/A,COZ6881801,VERIFIED,0.99,0.9,0.87,0.77
CUST_00000718,CWTFV7051B,O0430927,N/A,ZCN7532815,VERIFIED,0.9,1.0,0.92,0.85
CUST_00000719,MPOWK1297N,X0679923,N/A,N/A,VERIFIED,0.86,0.89,0.84,0.88
CUST_00000720,NFUUA3176M,N/A,TN8820121152943,N/A,VERIFIED,0.95,0.97,0.85,0.83
CUST_00000721,MHZUS4582E,N/A,WB6820106805369,WZL7452722,VERIFIED,0.99,0.94,0.95,0.85
CUST_00000722,OFHEU3999J,N/A,WB1820180795792,N/A,VERIFIED,0.93,0.96,0.89,0.78
CUST_00000723,IBVYS3430M,F2185537,KA0620175192101,N/A,VERIFIED,0.88,0.97,0.87,0.87
CUST_00000724,SRPXC0179D,T9032960,N/A,N/A,VERIFIED,0.91,0.97,0.84,0.75
CUST_00000725,SEASJ2896C,V1001437,GJ0820102649268,WTS0338993,VERIFIED,0.85,0.93,0.93,0.85
CUST_00000726,URPLX3408D,N/A,UP9120132166529,N/A,VERIFIED,0.88,0.91,0.92,0.94
CUST_00000727,MOYSP3027C,B0396970,KA0120145841992,N/A,VERIFIED,0.91,0.94,0.85,0.89
CUST_00000728,DAFBP9202T,D9936893,N/A,TGJ5130095,VERIFIED,0.93,0.99,0.95,0.85
CUST_00000729,PQKLX8057P,N/A,TS0620224053978,ZNS1821836,VERIFIED,0.91,0.91,0.97,0.83
CUST_00000730,ZWAKL7830F,N/A,GJ0220118275031,FJG8115101,VERIFIED,0.87,0.93,0.84,0.89
CUST_00000731,YSDUI8070B,U8463075,N/A,XNG1903219,VERIFIED,0.91,0.99,0.93,0.85
CUST_00000732,HRYYL7959O,N/A,GJ7320233121704,N/A,VERIFIED,0.89,0.95,0.84,0.97
CUST_00000733,CPPLE0926F,Z0643129,MH8920192115311,ALC3175149,VERIFIED,0.96,0.96,0.92,0.96
CUST_00000734,CUSEJ9759X,A6547523,KA9420195250386,OMZ1635777,VERIFIED,0.9,0.97,0.93,0.8
CUST_00000735,XMTSW0961S,P8829300,DL2220217998908,EBO6568261,VERIFIED,0.85,0.99,0.97,0.83
CUST_00000736,GHMHF1751N,L5776771,TN0720142504297,FDS4818270,VERIFIED,0.87,0.9,0.95,0.89
CUST_00000737,UDCIB2168L,W7284390,TN1720221191815,RQZ0689028,VERIFIED,0.96,0.98,0.88,0.97
CUST_00000738,BYPYF9029R,I0315821,N/A,MNJ5388947,VERIFIED,0.98,0.89,0.97,0.94
CUST_00000739,XJSYC5333J,N/A,TS3920200606962,N/A,VERIFIED,0.89,0.99,0.83,0.78
CUST_00000740,LLZRP1240U,N/A,WB2220173183859,DED8121241,PENDING_REVERIFICATION,0.32,0.45,0.21,0.36
CUST_00000741,VIRSG1686B,N/A,UP7720201645612,N/A,REJECTED,0.47,0.56,0.23,0.41
CUST_00000742,TYDGI8066I,N/A,N/A,FOU8792498,VERIFIED,0.94,0.9,0.96,0.89
CUST_00000743,RJGGY9060W,L8543734,N/A,SXO2345872,REJECTED,0.4,0.66,0.53,0.54
CUST_00000744,UXQYJ2348M,N/A,WB9420198435413,JUL9112060,VERIFIED,0.93,0.95,0.83,0.85
CUST_00000745,IVQYN8131Z,N/A,N/A,YOK8182491,VERIFIED,0.89,0.98,0.84,0.92
CUST_00000746,JSZGK9299U,R5289833,TS2820210936782,LKR4199067,VERIFIED,0.88,0.96,0.86,0.91
CUST_00000747,MNJEY0749R,N/A,TS4120123508372,N/A,VERIFIED,0.87,0.93,0.85,0.91
CUST_00000748,JZHXL9728U,N/A,UP0720118341969,FZW9664371,VERIFIED,0.98,0.94,0.97,0.87
CUST_00000749,XMDLR4102B,U8963145,N/A,AYI5909467,VERIFIED,0.92,0.98,0.95,0.84
CUST_00000750,BEMWF4625Z,D7238641,MH2620113323829,JIS5390656,VERIFIED,0.96,0.94,0.87,0.77
CUST_00000751,MGDJP8869E,F1682686,N/A,EHW6872314,VERIFIED,0.91,0.92,0.83,0.82
CUST_00000752,CJAKX5453P,N/A,KA9820182657426,VFB0133885,VERIFIED,0.99,0.93,0.86,0.81
CUST_00000753,XOOZS9476W,N/A,N/A,TNG4242199,VERIFIED,0.85,0.93,0.94,0.83
CUST_00000754,ZZDES0162E,N/A,GJ7220209497138,EVZ6173018,PENDING_REVERIFICATION,0.38,0.68,0.34,0.43
CUST_00000755,ZIJBK8678H,C8103728,N/A,ARF5315180,VERIFIED,0.92,0.89,0.85,0.97
CUST_00000756,UERNH3576M,N/A,KA4120214644753,N/A,VERIFIED,0.89,0.96,0.93,0.98
CUST_00000757,UBIOU9634X,I0593409,KA7420216307819,PFI5314012,VERIFIED,0.85,1.0,0.95,0.93
CUST_00000758,LEAQQ0703G,N/A,TN9720217214144,XQM5409404,VERIFIED,0.9,0.97,0.91,0.77
CUST_00000759,XGUZE4374K,W5566426,TN8120209590961,XSI1073196,VERIFIED,0.94,0.98,0.89,0.83
CUST_00000760,UQEDB1087P,Z3954947,N/A,AKO3364455,VERIFIED,0.92,0.94,0.92,0.97
CUST_00000761,YXCVK3608B,N/A,MH5320135922414,IFF5324140,REJECTED,0.31,0.64,0.49,0.16
CUST_00000762,WOJOJ3034A,N/A,DL4820151847540,EEK2298696,VERIFIED,0.9,0.91,0.9,0.84
CUST_00000763,OOIKX4423I,N/A,TS9620135157175,SUU3156268,REJECTED,0.32,0.67,0.4,0.34
CUST_00000764,YGPHO2407V,N/A,DL1920130801016,PND7725868,VERIFIED,0.93,0.91,0.84,0.97
CUST_00000765,PYCEZ9740F,D8743832,N/A,SKI8170035,VERIFIED,0.87,0.9,0.93,0.9
CUST_00000766,WJBSF0088D,N/A,N/A,DCT4885515,VERIFIED,0.88,0.98,0.85,0.77
CUST_00000767,QVZOL8969I,N/A,GJ7120143173454,N/A,VERIFIED,0.86,0.99,0.86,0.83
CUST_00000768,GIKCF5382F,G8161814,DL3420163488190,RAG4556838,VERIFIED,0.91,0.92,0.94,0.93
CUST_00000769,VAUZQ7852Y,S9180648,KA6020143159547,ZHV0278918,VERIFIED,0.96,0.96,0.85,0.83
CUST_00000770,PHKET7771E,Q9621149,TN2720240167115,FFG4066449,VERIFIED,0.96,0.93,0.91,0.96
CUST_00000771,AWDMP7380I,N/A,GJ2720101312682,YEG5781029,VERIFIED,0.94,0.96,0.96,0.96
CUST_00000772,UBOLY7879A,N/A,KA5920212735429,YRD0348486,VERIFIED,0.96,0.95,0.85,0.93
CUST_00000773,OSYVM6484T,N/A,DL3420106481330,JON9166380,VERIFIED,0.9,0.88,0.88,0.88
CUST_00000774,EPUPR3722Q,N/A,DL3220174179268,N/A,VERIFIED,0.87,0.98,0.85,0.97
CUST_00000775,QLUBE1005Q,N/A,MH3120215815917,N/A,VERIFIED,0.89,0.96,0.88,0.96
CUST_00000776,ZOUTB9908P,J6795356,TS8920152989747,PTX1119972,VERIFIED,0.89,0.92,0.95,0.79
CUST_00000777,OEAWD1166I,N/A,WB2520243276569,TAO1924905,VERIFIED,0.88,0.95,0.96,0.85
CUST_00000778,NNPIH0186M,N/A,GJ1020195254990,ERM6936295,VERIFIED,0.98,0.92,0.96,0.95
CUST_00000779,IGEXM7131N,C8308165,DL2020194795559,DIW9405365,VERIFIED,0.96,0.93,0.9,0.93
CUST_00000780,GGRVQ1627F,B4066063,TN2720211794645,FNW0582806,VERIFIED,0.92,0.98,0.88,0.87
CUST_00000781,EDYEB7591L,N/A,DL5620186998723,NZH0713503,VERIFIED,0.95,0.95,0.92,0.76
CUST_00000782,HDVAU1994U,N/A,UP3220235262650,NUY6287714,VERIFIED,0.86,0.9,0.97,0.84
CUST_00000783,DHEPS4101J,N/A,KA0620142736283,PNU1799588,VERIFIED,0.93,0.94,0.86,0.92
CUST_00000784,CWLVK6926D,U1615084,MH9520212820108,SBJ1135103,VERIFIED,0.88,0.96,0.92,0.94
CUST_00000785,BVHXX5036N,Z6656036,DL5920227317345,YWE5885868,VERIFIED,0.93,0.97,0.82,0.87
CUST_00000786,FVKTN6899Y,Y4314370,KA2520128486612,N/A,VERIFIED,0.93,0.93,0.97,0.9
CUST_00000787,UFFPC5593F,O7704779,MH5220248091291,MCB7781695,VERIFIED,0.91,0.95,0.88,0.79
CUST_00000788,WVGBD6919W,N/A,N/A,CZK8652616,VERIFIED,0.98,0.99,0.85,0.76
CUST_00000789,ZVDKJ9331L,N/A,N/A,N/A,VERIFIED,0.93,0.94,0.82,0.81
CUST_00000790,OCIFQ5813T,N/A,TS8620160151540,TTX5646164,VERIFIED,0.89,0.95,0.83,0.85
CUST_00000791,ZHTOK0074V,N/A,UP3320185904630,N/A,VERIFIED,0.92,0.92,0.89,0.95
CUST_00000792,RWHHY1653N,N/A,N/A,MHL9335813,VERIFIED,0.86,0.99,0.87,0.82
CUST_00000793,UNGIU1688K,N/A,N/A,ZDX0390459,VERIFIED,0.97,0.93,0.85,0.85
CUST_00000794,AOHVJ1255R,G8833856,N/A,TGW9548094,VERIFIED,0.99,0.94,0.83,0.81
CUST_00000795,JAABI3618Y,T3299302,TN5720184935685,N/A,VERIFIED,0.89,0.95,0.94,0.97
CUST_00000796,LONMS0144U,N/A,MH0420113423306,LXD2939150,VERIFIED,0.93,0.89,0.84,0.87
CUST_00000797,MRYOY8330E,Z7196443,WB9920123090981,YEP3266404,REJECTED,0.5,0.71,0.39,0.13
CUST_00000798,MKORI5630H,N/A,N/A,N/A,VERIFIED,0.89,0.99,0.85,0.89
CUST_00000799,NIMCD3317T,B0211089,UP3120242402269,QME7552336,VERIFIED,0.95,0.99,0.86,0.94
CUST_00000800,OEPHR3734Q,K4640956,GJ4020191556023,GLH2327287,VERIFIED,0.96,0.96,0.95,0.9
CUST_00000801,WHVVD5794I,N/A,N/A,N/A,VERIFIED,0.87,0.94,0.84,0.89
CUST_00000802,HXFIM5212C,N/A,KA8920134020592,VNP1955885,VERIFIED,0.92,0.99,0.88,0.85
CUST_00000803,JEOFH5163D,N/A,UP8920146855065,IRY7485151,VERIFIED,0.88,1.0,0.84,0.84
CUST_00000804,LMHWM7431Z,M5032355,WB8120227214398,GXB5500053,VERIFIED,0.86,0.94,0.82,0.77
CUST_00000805,FAXVR3005V,N/A,N/A,N/A,VERIFIED,0.95,0.89,0.95,0.94
CUST_00000806,NXEHH9727V,N/A,UP7520157349099,EXJ7465715,VERIFIED,0.95,1.0,0.84,0.8
CUST_00000807,CPEBT4566U,C8256940,N/A,AIP2998772,PENDING_REVERIFICATION,0.31,0.67,0.35,0.48
CUST_00000808,MWNKN0762Q,N/A,N/A,N/A,REJECTED,0.4,0.61,0.56,0.31
CUST_00000809,ILNUP6980K,N/A,MH0320219610974,N/A,VERIFIED,0.89,0.94,0.83,0.88
CUST_00000810,QECMB3544G,N/A,TN4820115252628,TNA7908313,VERIFIED,0.92,0.95,0.82,0.93
CUST_00000811,TDOUC2815P,N/A,TS1820205287325,JGL5635151,VERIFIED,0.98,0.91,0.87,0.79
CUST_00000812,HBDFL4997Q,N/A,UP2720166745397,DLF3742370,VERIFIED,0.93,0.93,0.89,0.88
CUST_00000813,AIIWT9062V,H0333553,KA1320164868368,N/A,PENDING_REVERIFICATION,0.65,0.49,0.35,0.36
CUST_00000814,GYPRV9410F,N/A,N/A,OKT3092532,VERIFIED,0.94,0.93,0.9,0.76
CUST_00000815,BSKAC9496G,K5894299,N/A,ARO1901449,VERIFIED,0.9,0.98,0.94,0.81
CUST_00000816,NCQRL5557A,S4744686,MH7320122904694,N/A,VERIFIED,0.92,0.95,0.88,0.94
CUST_00000817,NTHPL2391W,N/A,TN9920159020062,TLV1216455,VERIFIED,0.98,0.92,0.96,0.93
CUST_00000818,DCJVH7829S,Q7952463,TN9420133597859,KTL8076619,VERIFIED,0.88,0.92,0.9,0.92
CUST_00000819,FVWZE1121B,I0882006,UP6020120122857,GHA7457022,VERIFIED,0.96,0.9,0.95,0.91
CUST_00000820,ZGOBQ7399E,N/A,TS7020170472468,PTM7985210,VERIFIED,0.94,0.94,0.92,0.83
CUST_00000821,MHDHG8624D,N/A,MH0520135125084,JLR2413619,VERIFIED,0.96,0.98,0.9,0.96
CUST_00000822,DAPUG8415G,N9504600,TN1820159447013,N/A,VERIFIED,0.95,0.98,0.83,0.95
CUST_00000823,ZALPC7041D,G5305864,DL1620104259498,IXU7791189,VERIFIED,0.89,0.92,0.84,0.82
CUST_00000824,MAGGB9872Z,N/A,DL2420152419689,CKD1920996,VERIFIED,0.98,0.97,0.87,0.92
CUST_00000825,AHTLV8306N,U6321466,TS9320180404439,ZRH3653311,VERIFIED,0.88,0.89,0.84,0.95
CUST_00000826,RIYPV1489W,N/A,TS9420198990250,XGO7954230,VERIFIED,0.94,0.91,0.96,0.82
CUST_00000827,ANIGN2850S,N/A,KA7420108232508,HWD4047797,VERIFIED,0.93,0.89,0.95,0.8
CUST_00000828,YFPSD1325Q,N/A,N/A,LLY5155341,VERIFIED,0.94,0.92,0.95,0.82
CUST_00000829,WEZFS6783K,N/A,N/A,AFF0052274,VERIFIED,0.91,0.98,0.97,0.88
CUST_00000830,GCANO7911Z,N/A,N/A,APW0571262,VERIFIED,0.95,0.98,0.96,0.85
CUST_00000831,LVRYP4700Z,X3580894,TS5020130681667,BXV9562108,VERIFIED,0.96,0.89,0.95,0.85
CUST_00000832,YCCWI6532Q,N/A,DL9820195184931,DAQ8602724,VERIFIED,0.98,0.98,0.89,0.8
CUST_00000833,LJOPH8244W,N/A,MH1320109236469,DWS8750596,VERIFIED,0.98,0.88,0.86,0.97
CUST_00000834,NPTZD8155C,P2312961,TS2120243729059,ILA0695171,VERIFIED,0.92,1.0,0.93,0.77
CUST_00000835,DKBEQ3528M,N/A,KA0520107795505,PFG4012100,VERIFIED,0.89,0.89,0.82,0.85
CUST_00000836,WXFXO9600A,N/A,TS6920216279063,N/A,VERIFIED,0.89,0.9,0.85,0.82
CUST_00000837,ATLIY7792M,N/A,N/A,N/A,VERIFIED,0.97,0.92,0.84,0.95
CUST_00000838,SZHED4982A,N/A,KA8020115585074,GJS7993823,VERIFIED,0.95,0.93,0.98,0.76
CUST_00000839,YCZNE3168V,F3958733,WB2020232181408,HBY8845587,VERIFIED,0.95,0.98,0.97,0.94
CUST_00000840,HMCEB2049Z,N/A,TS6520198109647,N/A,VERIFIED,0.91,0.92,0.89,0.82
CUST_00000841,ZZDIH2078Y,N/A,WB7120121853260,DIQ8671270,VERIFIED,0.86,0.89,0.86,0.86
CUST_00000842,KRUQC1667R,R0128433,N/A,PHW5105540,VERIFIED,0.9,0.92,0.94,0.76
CUST_00000843,KGUJC1008L,J1707207,N/A,BPY4821765,VERIFIED,0.88,0.99,0.96,0.91
CUST_00000844,BBEZF5556B,N/A,KA1220224630889,N/A,VERIFIED,0.88,0.98,0.85,0.8
CUST_00000845,AAHYV2740O,N/A,WB0620221760975,N/A,VERIFIED,0.92,0.99,0.96,0.79
CUST_00000846,XTWEZ3799X,Q2529458,MH8120111292539,FLF5709568,VERIFIED,0.98,0.9,0.84,0.77
CUST_00000847,NADMT7491A,N/A,KA7920172594240,DFP7634754,VERIFIED,0.93,0.89,0.86,0.96
CUST_00000848,VBWOC9120X,N/A,N/A,SJJ8506627,VERIFIED,0.94,0.91,0.97,0.9
CUST_00000849,DWZEV3096Y,M5826086,N/A,N/A,REJECTED,0.42,0.53,0.27,0.36
CUST_00000850,JLRGW9378E,N/A,KA4220101936764,VXV3092399,VERIFIED,0.9,0.98,0.89,0.79
CUST_00000851,QTXEW7668S,E2852097,N/A,PVV3213043,VERIFIED,0.88,0.92,0.89,0.97
CUST_00000852,UOKHS2698H,N/A,TS7120111568207,AAD7947158,VERIFIED,0.92,0.94,0.96,0.96
CUST_00000853,UWDMO3781Y,C9930235,KA4420154355321,N/A,VERIFIED,0.85,0.92,0.89,0.8
CUST_00000854,EWQTV4231Z,J4797441,GJ0920171707009,AFV4387497,VERIFIED,0.86,0.91,0.95,0.95
CUST_00000855,MSFMH2014C,N/A,TS6520235441147,N/A,VERIFIED,0.88,0.92,0.85,0.84
CUST_00000856,SRJEE2764E,N/A,UP2420188660306,VZL4148619,VERIFIED,0.86,0.91,0.91,0.89
CUST_00000857,WSYFO9463E,G8454086,TS6720248779778,ZPG0332076,VERIFIED,0.94,0.92,0.83,0.85
CUST_00000858,YPDFK0954I,Y0163475,N/A,WMI2407085,VERIFIED,0.96,0.94,0.87,0.94
CUST_00000859,DEFKV4201U,N/A,DL6220111785379,TVV6469117,VERIFIED,0.96,0.9,0.86,0.95
CUST_00000860,EWJHV4501D,N9058187,N/A,ZZU0981340,VERIFIED,0.85,0.98,0.88,0.87
CUST_00000861,KABMX0294G,N/A,N/A,N/A,VERIFIED,0.91,0.99,0.92,0.82
CUST_00000862,LUXRY2118F,I9321812,N/A,LZX0257730,VERIFIED,0.92,0.9,0.92,0.76
CUST_00000863,WQPZI6261W,F9450813,GJ8420105007415,ZOL1443318,VERIFIED,0.97,0.97,0.83,0.79
CUST_00000864,OHZPG7507Q,N/A,N/A,N/A,VERIFIED,0.89,0.93,0.9,0.79
CUST_00000865,WLVKM3481R,A6958101,N/A,CJV2862595,VERIFIED,0.86,0.99,0.91,0.9
CUST_00000866,EEYGE9201L,N/A,GJ4520230996224,CXF3378245,REJECTED,0.62,0.65,0.34,0.27
CUST_00000867,OOSFF7118M,N/A,DL7620162219000,ANJ7561877,VERIFIED,0.89,0.98,0.86,0.79
CUST_00000868,CWBUT3966B,N/A,N/A,DGM1433193,REJECTED,0.58,0.58,0.53,0.53
CUST_00000869,PWQOX3901M,N/A,UP1020213843325,CJS1494186,PENDING_REVERIFICATION,0.45,0.45,0.47,0.23
CUST_00000870,KJXDA6182A,N/A,DL8520218943030,XID0113230,VERIFIED,0.89,0.93,0.91,0.9
CUST_00000871,CFUCQ2608P,N/A,UP8220124377651,MZJ7810572,VERIFIED,0.98,0.93,0.94,0.75
CUST_00000872,UIYUP7935P,B4681221,WB4620116005714,N/A,VERIFIED,0.98,0.94,0.9,0.78
CUST_00000873,WYEMO2405U,N/A,GJ9520188898717,N/A,VERIFIED,0.98,0.94,0.93,0.93
CUST_00000874,ETEUS7441X,Q2467398,GJ9520151344746,UKO1801176,VERIFIED,0.87,0.9,0.88,0.85
CUST_00000875,QEWHE4521A,N/A,KA2220222726722,GHH5576638,VERIFIED,0.93,0.96,0.91,0.92
CUST_00000876,LDKGV3893G,F0860207,N/A,CFJ2612405,VERIFIED,0.94,0.88,0.92,0.89
CUST_00000877,JABZY1403M,D9780983,TN9120185938943,AOF1208686,VERIFIED,0.95,0.9,0.88,0.89
CUST_00000878,FWFKA9620N,N/A,TS1820131663324,KHV1744633,VERIFIED,0.85,0.9,0.97,0.89
CUST_00000879,YXTKS7619I,N8481500,UP8020199472952,EHE8223704,VERIFIED,0.97,0.93,0.94,0.96
CUST_00000880,FIUUN3259F,L8732815,MH3620217845203,ENT2690353,VERIFIED,0.96,0.89,0.93,0.88
CUST_00000881,XMYEK2350Z,N/A,MH7520223697271,MCR0464025,VERIFIED,0.91,0.94,0.83,0.81
CUST_00000882,XGFBS0789L,N2446325,N/A,VZB6803560,VERIFIED,0.94,0.9,0.9,0.92
CUST_00000883,BLYEV0536U,N/A,WB0320143962576,JTL3074952,VERIFIED,0.98,0.9,0.94,0.81
CUST_00000884,AMLFV4795E,N/A,N/A,EEK8967674,VERIFIED,0.91,0.95,0.94,0.77
CUST_00000885,QLFTR8042N,N/A,N/A,FRE5687908,VERIFIED,0.92,0.94,0.87,0.88
CUST_00000886,UQWVQ5114I,N/A,WB9820211304421,OKS0310075,VERIFIED,0.95,0.89,0.96,0.86
CUST_00000887,ZXAEV5756V,S8945438,TN9920223915474,MLX0486151,VERIFIED,0.9,0.97,0.84,0.86
CUST_00000888,FSNYG8623V,N/A,N/A,ZPA2764031,VERIFIED,0.88,0.93,0.94,0.93
CUST_00000889,QVLAG6192Q,X7620186,N/A,TMO4593366,VERIFIED,0.92,0.95,0.91,0.86
CUST_00000890,RIQPT9038Y,N/A,DL8420181562859,N/A,VERIFIED,0.87,0.97,0.97,0.97
CUST_00000891,IFLBM9942O,B2555890,DL5220128869983,EYO6788396,VERIFIED,0.98,0.9,0.86,0.84
CUST_00000892,ADNPI5642C,N5451588,N/A,EMK0010646,VERIFIED,0.89,0.94,0.84,0.89
CUST_00000893,UZKRW2283U,N/A,N/A,N/A,VERIFIED,0.98,0.91,0.84,0.82
CUST_00000894,EGZRW8007Z,N/A,N/A,N/A,VERIFIED,0.98,0.93,0.82,0.85
CUST_00000895,RRHRJ4009H,O3052489,MH3220196320356,QLD7238833,VERIFIED,0.94,0.98,0.93,0.85
CUST_00000896,FTGTS8772A,N/A,N/A,ZWV2851374,VERIFIED,0.89,0.89,0.93,0.95
CUST_00000897,MNHSK9920M,Z4794515,N/A,N/A,VERIFIED,0.89,0.99,0.87,0.88
CUST_00000898,OMXXX1026M,F1460404,WB2320135783990,JZX9619695,VERIFIED,0.89,0.9,0.93,0.75
CUST_00000899,FTTWK5741Y,N/A,WB0220142037057,GNB9888025,VERIFIED,0.92,0.92,0.87,0.97
CUST_00000900,ETCZK0820V,N/A,UP5220121129758,YHQ2029030,VERIFIED,0.89,0.89,0.94,0.89
CUST_00000901,NOIXV4064K,N/A,WB3920122272178,HAQ7152809,VERIFIED,0.88,0.94,0.91,0.82
CUST_00000902,ZLYCY5619Y,N/A,N/A,OZV6841043,REJECTED,0.49,0.45,0.59,0.17
CUST_00000903,QAQKY4347U,N/A,TS0120144159220,UHG7396468,VERIFIED,0.91,0.91,0.96,0.76
CUST_00000904,CBMFE4904Y,N/A,N/A,ORZ1368501,VERIFIED,0.85,1.0,0.9,0.82
CUST_00000905,MFBHE2924R,T0244941,TN4120110086206,N/A,REJECTED,0.47,0.7,0.3,0.34
CUST_00000906,RMIUP7696Y,N/A,N/A,ZCS9153239,VERIFIED,0.88,0.97,0.85,0.88
CUST_00000907,AVOJA3778K,O2766269,N/A,N/A,VERIFIED,0.9,0.91,0.83,0.81
CUST_00000908,BMMBA2803J,N/A,KA7020140308282,N/A,VERIFIED,0.95,0.94,0.9,0.81
CUST_00000909,ZGYSD0565M,N/A,DL9920210669505,GJV5629765,VERIFIED,0.9,0.89,0.9,0.88
CUST_00000910,AKESC9246G,X2710192,N/A,N/A,VERIFIED,0.88,0.99,0.93,0.85
CUST_00000911,WNNBT4076P,N/A,N/A,ZBE9756576,VERIFIED,0.92,0.95,0.85,0.96
CUST_00000912,XHFCR9830R,N/A,TS7120159409959,BEK1154246,VERIFIED,0.87,0.89,0.9,0.84
CUST_00000913,ZDIPM0427J,N/A,UP9320210951355,WRR1614030,VERIFIED,0.99,0.95,0.93,0.82
CUST_00000914,QIGHW4348F,H3730207,N/A,BNA3890950,VERIFIED,0.94,0.88,0.95,0.87
CUST_00000915,YBGKG8315U,C6486502,MH7620112766711,BTQ1163674,VERIFIED,0.95,0.91,0.83,0.91
CUST_00000916,JMPGC6130W,N/A,WB0620127775712,JVM2389513,VERIFIED,0.94,1.0,0.85,0.89
CUST_00000917,TZHHI5105W,R5332887,WB5220122816459,PRD4434094,VERIFIED,0.92,0.95,0.87,0.79
CUST_00000918,VVIKL2814M,A1393309,N/A,RBF7948305,VERIFIED,0.9,0.93,0.9,0.83
CUST_00000919,OJEHF5350M,I7308694,MH4120217721463,DYC6553998,VERIFIED,0.89,0.94,0.85,0.8
CUST_00000920,KFIXO1362V,R4506012,N/A,TMM7520651,VERIFIED,0.89,0.9,0.92,0.77
CUST_00000921,PLGEV6647E,G5820893,DL5120247720696,JWQ2496725,VERIFIED,0.93,0.91,0.92,0.78
CUST_00000922,IDDRA0604G,N/A,TN9820222939154,NHF2665806,VERIFIED,0.97,1.0,0.92,0.84
CUST_00000923,IICVR1394N,S6629108,TS3220132595863,ETZ7114420,VERIFIED,0.98,0.92,0.88,0.84
CUST_00000924,XNYYK2494G,N/A,GJ0720136349374,UII6712704,VERIFIED,0.96,0.88,0.96,0.87
CUST_00000925,SSDMA6473F,N4150980,MH3220216792055,ENZ6798797,PENDING_REVERIFICATION,0.47,0.51,0.26,0.3
CUST_00000926,HLIMP1996S,N/A,UP9620199087941,SVP0574563,VERIFIED,0.98,0.95,0.95,0.78
CUST_00000927,IWPUF8742E,X2581175,KA8520231750357,IHY2061479,VERIFIED,0.86,0.89,0.96,0.8
CUST_00000928,WDFPN9938U,N/A,DL4420167735893,N/A,VERIFIED,0.87,0.95,0.97,0.85
CUST_00000929,TSBNN1925R,U4358053,KA9420134285201,N/A,VERIFIED,0.99,0.88,0.84,0.89
CUST_00000930,OJHTO5820V,N/A,GJ6620167446111,QOU1620691,VERIFIED,0.86,0.92,0.9,0.88
CUST_00000931,KDVBW4310K,N/A,GJ4120217543349,RKH4993734,VERIFIED,0.93,0.96,0.86,0.77
CUST_00000932,CZGLA0537N,Z5163433,DL2320244306507,WGU5421825,VERIFIED,0.95,0.97,0.88,0.84
CUST_00000933,XZAUV8874H,N1829126,MH2320105583199,TOT2972025,VERIFIED,0.99,0.9,0.83,0.93
CUST_00000934,PLBPP8988E,I3122320,N/A,IBF7362595,VERIFIED,0.91,0.96,0.89,0.9
CUST_00000935,MQFGA3870V,N0721888,KA4620248899411,PTI2801300,VERIFIED,0.96,0.97,0.93,0.78
CUST_00000936,TRMNL6913Q,N/A,WB9520148769130,N/A,VERIFIED,0.86,0.98,0.83,0.83
CUST_00000937,SFNTD6753Q,N/A,TS1420197051207,EQF9473577,REJECTED,0.52,0.63,0.57,0.42
CUST_00000938,EKMYF8463F,N/A,TN8520201450420,JZN8745213,VERIFIED,0.92,0.96,0.89,0.92
CUST_00000939,JIIQP0411X,N/A,DL2920207948327,DQY0114807,VERIFIED,0.95,0.99,0.84,0.98
CUST_00000940,UZIHU5608I,Z4432644,GJ2620198805209,N/A,VERIFIED,0.94,0.9,0.91,0.96
CUST_00000941,CVWOR8740S,C3653567,WB2220169226263,FGN4589631,VERIFIED,0.9,0.91,0.87,0.79
CUST_00000942,PREYU6630Z,N/A,KA2020249513897,QOQ8707808,VERIFIED,0.89,0.97,0.98,0.85
CUST_00000943,AKSWP8052Y,N/A,DL7620182415559,KPG2768664,VERIFIED,0.92,0.96,0.96,0.85
CUST_00000944,BSBML6878G,N/A,N/A,IRA4211882,VERIFIED,0.9,1.0,0.93,0.76
CUST_00000945,IIBVI6010P,T6822823,TN1420115223810,BXY6779978,REJECTED,0.43,0.54,0.31,0.17
CUST_00000946,FNLIT8767S,N/A,UP5820197489495,NWD6372424,VERIFIED,0.93,0.89,0.84,0.77
CUST_00000947,MVATG7742A,N/A,N/A,BFD3246839,VERIFIED,0.94,0.94,0.92,0.76
CUST_00000948,JSEXR6259Y,N/A,N/A,TSD8337318,VERIFIED,0.89,0.96,0.93,0.95
CUST_00000949,FHJZJ5622N,Z3992787,N/A,KSI6320629,VERIFIED,0.92,0.94,0.91,0.92
CUST_00000950,YCBAA1150S,N/A,KA8320234809680,XCU2246058,VERIFIED,0.92,0.95,0.9,0.77
CUST_00000951,FMLAZ5714V,N/A,N/A,QGF9848390,VERIFIED,0.97,0.89,0.96,0.81
CUST_00000952,SPSEO1345M,N/A,N/A,ZKY0979289,VERIFIED,0.95,0.92,0.86,0.98
CUST_00000953,DWDRZ2508G,N/A,UP5520183702853,XMQ0440138,REJECTED,0.51,0.64,0.41,0.48
CUST_00000954,DHQFU3489N,J1881341,TN0920199807231,UJX3635116,VERIFIED,0.86,0.99,0.86,0.96
CUST_00000955,JWVHB2878K,A9730729,N/A,ZUY2541920,VERIFIED,0.85,0.97,0.96,0.78
CUST_00000956,MGGGJ3706J,S8102745,GJ2820112248367,N/A,VERIFIED,0.92,0.9,0.82,0.94
CUST_00000957,WAAIG4401W,Q8507590,TN7520115445423,N/A,VERIFIED,0.94,0.89,0.92,0.79
CUST_00000958,CBFMK6907C,N/A,UP1320106801302,QIH3406608,VERIFIED,0.87,0.97,0.87,0.9
CUST_00000959,VRGVB9170B,B1094369,MH8720152317025,ETC7040327,VERIFIED,0.88,0.97,0.86,0.95
CUST_00000960,OAZKX2711E,N/A,TS0520105360591,GZD6036066,VERIFIED,0.9,0.97,0.93,0.89
CUST_00000961,BBTGH2121F,Q3971728,WB8720145591118,DHN2864025,VERIFIED,0.92,0.97,0.86,0.82
CUST_00000962,LGTSP3446U,H2563683,KA4320212979024,ZZK8504893,VERIFIED,0.98,0.94,0.89,0.76
CUST_00000963,GQBXK1492M,N/A,GJ2120147407669,N/A,VERIFIED,0.9,0.99,0.82,0.88
CUST_00000964,UYYKS6356W,N/A,WB1720229673521,OIG2879452,VERIFIED,0.95,0.88,0.97,0.79
CUST_00000965,ICQWS4169K,I2643725,WB1320169032852,DOP2685643,VERIFIED,0.99,0.92,0.84,0.77
CUST_00000966,FYCKU6602P,N/A,N/A,UMJ4180054,REJECTED,0.32,0.43,0.37,0.2
CUST_00000967,MOSOD7519J,N/A,WB2620194997098,N/A,VERIFIED,0.93,0.92,0.88,0.84
CUST_00000968,ULEQV7963W,N/A,TS4520226802482,N/A,VERIFIED,0.9,0.95,0.84,0.8
CUST_00000969,FVPLT5863G,M8280614,WB9220149515315,N/A,VERIFIED,0.91,0.95,0.93,0.84
CUST_00000970,LQLRK8236B,N/A,KA5020112848910,JUA4752570,REJECTED,0.61,0.6,0.53,0.32
CUST_00000971,FHHMR8626R,Z1057279,WB6420193632438,AZX0495760,VERIFIED,0.96,0.92,0.9,0.85
CUST_00000972,AWRXX0584N,D4509862,DL1620233365043,GXY3210300,VERIFIED,0.86,0.9,0.82,0.89
CUST_00000973,MZCVY0930Z,P0704217,N/A,PIW0196095,VERIFIED,0.9,0.88,0.95,0.76
CUST_00000974,UCCDN8214W,N/A,N/A,BYF4833810,VERIFIED,0.94,0.93,0.92,0.76
CUST_00000975,OZAQH9637J,F2138029,TN4320106894843,PLR3423137,VERIFIED,0.86,0.98,0.85,0.84
CUST_00000976,MIBDJ4894R,T7259465,TN0820106194891,CZS3499235,VERIFIED,0.96,0.93,0.9,0.95
CUST_00000977,XWEQC1473L,N/A,MH3420160134134,MRC8628085,VERIFIED,0.93,0.91,0.86,0.93
CUST_00000978,YKEBS4880U,N4569811,N/A,DME5137125,VERIFIED,0.91,0.94,0.96,0.84
CUST_00000979,EOHNM8536T,N/A,TS0520104578831,CSO4828112,VERIFIED,0.95,0.89,0.84,0.84
CUST_00000980,RVYII7417Q,N/A,N/A,PYA9269349,PENDING_REVERIFICATION,0.4,0.67,0.55,0.45
CUST_00000981,PMGDO8036W,K2037759,N/A,YGM4476516,VERIFIED,0.9,0.91,0.84,0.87
CUST_00000982,RYFKT4969V,N/A,TN6020189817739,URC8694998,VERIFIED,0.94,0.99,0.85,0.84
CUST_00000983,KOIII3435W,Y0718049,MH8920146027821,XNU4373424,VERIFIED,0.89,0.99,0.83,0.89
CUST_00000984,HLBKD4945J,S8036517,N/A,QEP3248818,VERIFIED,0.97,0.9,0.83,0.95
CUST_00000985,VNRGD2257I,C4113286,GJ6920155290281,LVP0148023,VERIFIED,0.85,0.91,0.83,0.85
CUST_00000986,BZFRQ3539C,N/A,N/A,INV5229141,VERIFIED,0.98,0.94,0.84,0.96
CUST_00000987,WQCEM9680C,N/A,N/A,KOT9321464,VERIFIED,0.88,0.96,0.86,0.85
CUST_00000988,ZAFDJ0285Q,N/A,N/A,BNY3100512,VERIFIED,0.97,0.96,0.86,0.81
CUST_00000989,GJFPC0007U,K4313767,KA6620216181838,JPA4981073,VERIFIED,0.91,0.99,0.84,0.92
CUST_00000990,UFTCK6477J,N/A,GJ4920147400299,N/A,VERIFIED,0.9,0.97,0.86,0.91
CUST_00000991,TVLUD2716D,C6944401,N/A,MXK1710735,VERIFIED,0.88,0.96,0.94,0.86
CUST_00000992,KBSBD0145O,N/A,MH5020208016546,N/A,VERIFIED,0.97,0.98,0.89,0.8
CUST_00000993,QFGDR1318M,U5254902,N/A,DIA0743955,VERIFIED,0.96,0.92,0.92,0.81
CUST_00000994,XDGSF2365M,M6149716,N/A,FRK5832500,VERIFIED,0.97,0.92,0.98,0.98
CUST_00000995,HWVUE4248H,L0112928,TN6320236130922,RIT6924241,VERIFIED,0.86,0.96,0.82,0.95
CUST_00000996,VPSVA4104E,S4398168,DL9720177011042,SEY7765262,VERIFIED,0.95,0.98,0.88,0.83
CUST_00000997,DDCLU3011P,O5896709,UP9320197778607,WDD5600261,VERIFIED,0.89,0.99,0.85,0.97
CUST_00000998,HOVYY7168W,B9620947,UP0220163307299,KFD8952198,VERIFIED,0.93,0.93,0.89,0.92
CUST_00000999,VAYBX6291I,N/A,N/A,UWF9286395,VERIFIED,0.93,0.92,0.9,0.82
CUST_00001000,YRPMT0203V,I6249153,WB3620190872392,CEG3899389,VERIFIED,0.94,0.99,0.94,0.76
