Loan_ID,Customer_ID,Loan_Type,Loan_Amount,EMI,Interest_Rate,Tenure_Months,Debt_to_Income,Income_Stability,Fraud_Score,Credit_Score,Approval,Default,NPA
LOAN_00000001,CUST_00000001,Gold Loan,1490788.49,132378.05,11.89,12,6.4699,0.815,0.223,652,0,0,0
LOAN_00000002,CUST_00000002,Two Wheeler Loan,139110.54,3192.32,13.38,60,0.0652,0.691,0.187,646,1,0,0
LOAN_00000003,CUST_00000003,Home Loan,3975447.69,40321.64,9.0,180,1.6005,0.865,0.182,646,0,0,0
LOAN_00000004,CUST_00000004,Personal Loan,538522.72,48395.49,14.17,12,1.4666,0.865,0.219,634,0,0,0
LOAN_00000005,CUST_00000004,Business Loan,1934700.86,172557.23,12.73,12,6.6959,0.799,0.219,634,0,0,0
LOAN_00000006,CUST_00000006,Personal Loan,913854.38,24362.49,12.66,48,0.5203,0.527,0.25,657,0,0,0
LOAN_00000007,CUST_00000008,Two Wheeler Loan,1885047.99,168438.11,13.08,12,6.3835,0.822,0.29,604,0,0,0
LOAN_00000008,CUST_00000008,Personal Loan,359063.81,32112.73,13.25,12,7.6005,0.893,0.29,604,0,0,0
LOAN_00000009,CUST_00000008,Home Loan,2697855.91,27749.96,9.24,180,8.6522,0.662,0.29,604,0,0,0
LOAN_00000010,CUST_00000009,Two Wheeler Loan,1565413.66,137479.16,9.8,12,3.1915,0.784,0.32,611,0,0,0
LOAN_00000011,CUST_00000014,Auto Loan,1785704.21,58792.02,11.39,36,0.1643,0.888,0.314,762,1,0,0
LOAN_00000012,CUST_00000015,Home Loan,5134098.66,40411.22,8.23,300,0.0568,0.516,0.318,771,1,0,0
LOAN_00000013,CUST_00000016,Two Wheeler Loan,534716.51,8824.52,9.81,84,0.0479,0.813,0.281,726,1,0,0
LOAN_00000014,CUST_00000017,Two Wheeler Loan,454483.11,10357.18,13.07,60,0.315,0.851,0.204,663,1,0,0
LOAN_00000015,CUST_00000017,Personal Loan,455752.4,41174.16,15.18,12,1.5674,0.468,0.204,663,0,0,0
LOAN_00000016,CUST_00000019,Personal Loan,542851.09,26233.42,14.66,24,1.6103,0.824,0.334,637,0,0,0
LOAN_00000017,CUST_00000019,Home Loan,4057465.63,32863.43,8.57,300,3.6276,0.856,0.334,637,0,0,0
LOAN_00000018,CUST_00000019,Personal Loan,912852.59,30573.27,12.58,36,5.5043,0.921,0.334,637,0,0,0
LOAN_00000019,CUST_00000020,Two Wheeler Loan,551511.33,18426.26,12.41,36,0.918,0.962,0.198,640,0,0,0
LOAN_00000020,CUST_00000022,Personal Loan,227192.58,7511.37,11.68,36,0.3489,0.798,0.197,629,1,0,0
LOAN_00000021,CUST_00000022,Auto Loan,431296.22,38372.63,12.26,12,2.1313,0.851,0.197,629,0,0,0
LOAN_00000022,CUST_00000024,Business Loan,590089.09,10460.92,12.14,84,0.2209,0.646,0.218,642,1,1,0
LOAN_00000023,CUST_00000024,Business Loan,1302892.77,115066.76,10.86,12,2.6503,0.932,0.218,642,0,0,0
LOAN_00000024,CUST_00000025,Auto Loan,259865.93,5540.58,10.15,60,0.3035,0.707,0.323,619,0,0,0
LOAN_00000025,CUST_00000025,Auto Loan,109617.01,2336.6,10.14,60,0.4314,0.844,0.323,619,0,0,0
LOAN_00000026,CUST_00000026,Personal Loan,359129.71,9969.38,14.86,48,0.054,0.808,0.217,745,1,0,0
LOAN_00000027,CUST_00000027,Personal Loan,281790.16,25551.06,15.88,12,1.6676,0.87,0.227,641,0,0,0
LOAN_00000028,CUST_00000028,Auto Loan,1035783.62,91196.78,10.28,12,2.4114,0.578,0.235,642,0,0,0
LOAN_00000029,CUST_00000030,Gold Loan,1838242.34,39949.51,10.98,60,0.8643,0.835,0.26,657,0,0,0
LOAN_00000030,CUST_00000030,Personal Loan,415842.84,9965.05,15.33,60,1.0799,0.807,0.26,657,0,0,0
LOAN_00000031,CUST_00000030,Auto Loan,1183116.22,25073.74,9.89,60,1.6224,0.921,0.26,657,0,0,0
LOAN_00000032,CUST_00000031,Two Wheeler Loan,783033.19,25513.31,10.67,36,0.277,0.77,0.261,683,1,0,0
LOAN_00000033,CUST_00000032,Two Wheeler Loan,1334931.47,118800.72,12.31,12,7.6444,0.793,0.307,644,0,0,0
LOAN_00000034,CUST_00000034,Personal Loan,492318.12,23623.66,13.94,24,1.2838,0.963,0.23,618,0,0,0
LOAN_00000035,CUST_00000035,Home Loan,2580014.36,23014.32,8.88,240,0.1489,0.648,0.289,759,1,0,0
LOAN_00000036,CUST_00000035,Home Loan,6095398.53,77312.93,9.03,120,0.6491,0.583,0.289,759,0,0,0
LOAN_00000037,CUST_00000036,Personal Loan,74083.21,6715.67,15.83,12,0.0128,0.725,0.285,748,1,0,0
LOAN_00000038,CUST_00000038,Two Wheeler Loan,1354375.02,29191.38,10.62,60,1.8168,0.803,0.205,636,0,0,0
LOAN_00000039,CUST_00000039,Two Wheeler Loan,127347.63,2703.26,9.96,60,0.0328,0.732,0.23,718,1,0,0
LOAN_00000040,CUST_00000040,Personal Loan,462159.07,15636.6,13.29,36,0.0796,0.741,0.195,765,1,0,0
LOAN_00000041,CUST_00000041,Business Loan,1351517.9,43704.92,10.15,36,0.8976,0.877,0.176,669,0,0,0
LOAN_00000042,CUST_00000042,Auto Loan,837522.86,18659.87,12.07,60,0.4664,0.986,0.2,677,0,0,0
LOAN_00000043,CUST_00000042,Gold Loan,1820166.22,160258.66,10.28,12,4.4717,0.738,0.2,677,0,0,0
LOAN_00000044,CUST_00000042,Personal Loan,823745.06,18645.89,12.77,60,4.9378,0.892,0.2,677,0,0,0
LOAN_00000045,CUST_00000043,Two Wheeler Loan,635865.69,20580.35,10.21,36,0.8694,0.773,0.293,638,0,0,0
LOAN_00000046,CUST_00000044,Two Wheeler Loan,747526.73,25266.41,13.22,36,0.5622,0.634,0.331,639,0,0,0
LOAN_00000047,CUST_00000046,Home Loan,8524888.46,69335.46,8.62,300,0.466,0.667,0.28,692,1,1,1
LOAN_00000048,CUST_00000046,Gold Loan,1906153.58,33435.13,11.79,84,0.6906,0.439,0.28,692,0,0,0
LOAN_00000049,CUST_00000047,Two Wheeler Loan,1604000.18,53782.8,12.66,36,1.8814,0.898,0.278,626,0,0,0
LOAN_00000050,CUST_00000048,Business Loan,766738.52,16279.61,9.97,60,0.0502,0.882,0.305,772,1,0,0
LOAN_00000051,CUST_00000049,Personal Loan,830767.06,74858.25,14.68,12,1.6795,0.9,0.47,609,0,0,0
LOAN_00000052,CUST_00000050,Home Loan,2209756.09,28244.01,9.21,120,0.1762,0.366,0.268,732,1,0,0
LOAN_00000053,CUST_00000050,Personal Loan,495227.61,16389.57,11.75,36,0.2785,0.785,0.268,732,1,0,0
LOAN_00000054,CUST_00000052,Personal Loan,965061.41,31846.82,11.55,36,0.4864,0.676,0.255,699,1,0,0
LOAN_00000055,CUST_00000052,Gold Loan,1093885.9,97200.67,12.02,12,1.9711,0.509,0.255,699,0,0,0
LOAN_00000056,CUST_00000053,Personal Loan,316915.03,7669.76,15.78,60,0.1643,0.661,0.205,641,1,0,0
LOAN_00000057,CUST_00000053,Home Loan,4503493.94,40403.32,8.96,240,1.0297,0.566,0.205,641,0,0,0
LOAN_00000058,CUST_00000055,Two Wheeler Loan,1904619.84,34030.53,12.4,84,2.0001,0.417,0.223,629,0,0,0
LOAN_00000059,CUST_00000055,Personal Loan,75048.63,2020.45,13.19,48,2.1188,0.924,0.223,629,0,0,0
LOAN_00000060,CUST_00000056,Two Wheeler Loan,990517.0,17043.51,11.16,84,0.4092,0.8,0.318,646,0,0,0
LOAN_00000061,CUST_00000056,Gold Loan,1993609.99,65950.08,11.72,36,1.9925,0.681,0.318,646,0,0,0
LOAN_00000062,CUST_00000057,Auto Loan,534421.33,17798.97,12.19,36,0.2861,0.467,0.214,665,1,0,0
LOAN_00000063,CUST_00000057,Two Wheeler Loan,1088310.65,36622.33,12.91,36,0.8749,0.726,0.214,665,0,0,0
LOAN_00000064,CUST_00000057,Personal Loan,77343.54,1835.94,14.9,60,0.9044,0.786,0.214,665,0,0,0
LOAN_00000065,CUST_00000059,Auto Loan,845263.69,18483.64,11.25,60,0.5733,0.684,0.213,652,0,0,0
LOAN_00000066,CUST_00000060,Auto Loan,1738491.05,31910.8,13.3,84,0.2321,0.665,0.221,765,1,0,0
LOAN_00000067,CUST_00000062,Personal Loan,122070.16,3219.37,12.08,48,0.0061,0.914,0.233,784,1,0,0
LOAN_00000068,CUST_00000063,Auto Loan,427407.76,13845.49,10.27,36,0.5575,0.821,0.211,652,0,0,0
LOAN_00000069,CUST_00000064,Personal Loan,396056.37,9168.38,13.77,60,0.2936,0.788,0.272,615,0,0,0
LOAN_00000070,CUST_00000066,Business Loan,216048.12,19055.41,10.61,12,0.1342,0.746,0.317,721,1,0,0
LOAN_00000071,CUST_00000066,Home Loan,6755165.56,84406.1,8.68,120,0.7285,0.897,0.317,721,0,0,0
LOAN_00000072,CUST_00000067,Business Loan,1072187.14,35422.78,11.63,36,0.1788,0.899,0.265,717,1,0,0
LOAN_00000073,CUST_00000068,Personal Loan,355975.21,16831.89,12.45,24,0.5702,0.795,0.281,643,0,0,0
LOAN_00000074,CUST_00000069,Two Wheeler Loan,1047040.18,17301.06,9.85,84,0.4128,0.816,0.237,680,1,0,0
LOAN_00000075,CUST_00000071,Auto Loan,1184478.78,104642.0,10.92,12,2.4896,0.786,0.226,665,0,0,0
LOAN_00000076,CUST_00000078,Personal Loan,548285.82,14804.56,13.35,48,0.8177,0.832,0.238,631,0,0,0
LOAN_00000077,CUST_00000078,Personal Loan,212343.21,4997.18,14.51,60,1.0937,0.709,0.238,631,0,0,0
LOAN_00000078,CUST_00000079,Personal Loan,357495.27,8209.34,13.41,60,0.5013,0.655,0.195,656,0,0,0
LOAN_00000079,CUST_00000079,Personal Loan,602176.31,20055.56,12.19,36,1.726,0.981,0.195,656,0,0,0
LOAN_00000080,CUST_00000082,Personal Loan,819380.72,73050.37,12.65,12,0.5763,0.776,0.226,747,0,0,0
LOAN_00000081,CUST_00000082,Home Loan,4465380.27,57561.12,9.41,120,1.0305,0.884,0.226,747,0,0,0
LOAN_00000082,CUST_00000082,Personal Loan,754064.62,17580.97,14.09,60,1.1692,0.778,0.226,747,0,0,0
LOAN_00000083,CUST_00000085,Auto Loan,1093824.31,23749.67,10.94,60,1.2201,0.651,0.194,668,0,0,0
LOAN_00000084,CUST_00000085,Home Loan,5432778.18,47456.83,8.59,240,3.6581,0.578,0.194,668,0,0,0
LOAN_00000085,CUST_00000086,Home Loan,9205012.94,82879.1,9.01,240,0.0291,0.494,0.258,748,1,0,0
LOAN_00000086,CUST_00000087,Business Loan,1598334.7,51656.35,10.11,36,2.4519,0.838,0.398,606,0,0,0
LOAN_00000087,CUST_00000088,Two Wheeler Loan,1765854.71,155962.11,10.87,12,5.392,0.901,0.307,636,0,0,0
LOAN_00000088,CUST_00000089,Two Wheeler Loan,1318180.5,29509.05,12.28,60,0.0534,0.615,0.084,830,1,0,0
LOAN_00000089,CUST_00000090,Home Loan,5427049.33,56441.58,9.43,180,2.4034,0.926,0.255,637,0,0,0
LOAN_00000090,CUST_00000092,Business Loan,1173753.05,104445.84,12.29,12,1.1842,0.759,0.263,716,0,0,0
LOAN_00000091,CUST_00000092,Auto Loan,905848.28,20356.69,12.45,60,1.4151,0.746,0.263,716,0,0,0
LOAN_00000092,CUST_00000094,Business Loan,1085792.31,35996.46,11.87,36,0.2643,0.778,0.169,771,1,1,1
LOAN_00000093,CUST_00000094,Home Loan,6067862.62,62996.49,9.4,180,0.727,0.887,0.169,771,0,0,0
LOAN_00000094,CUST_00000096,Personal Loan,217567.64,10419.35,13.74,24,0.334,0.859,0.177,653,1,0,0
LOAN_00000095,CUST_00000098,Personal Loan,963016.8,21504.6,12.17,60,0.1504,0.767,0.211,758,1,0,0
LOAN_00000096,CUST_00000100,Personal Loan,903151.57,20282.32,12.42,60,0.2934,0.963,0.209,678,1,0,0
LOAN_00000097,CUST_00000101,Home Loan,4906486.02,40940.12,8.93,300,1.042,0.825,0.191,655,0,0,0
LOAN_00000098,CUST_00000102,Personal Loan,661799.57,59215.75,13.34,12,1.8998,0.706,0.176,641,0,0,0
LOAN_00000099,CUST_00000104,Personal Loan,148903.15,5169.07,15.1,36,0.1732,0.926,0.241,643,1,0,0
LOAN_00000100,CUST_00000105,Business Loan,1677417.74,148323.39,11.09,12,2.159,0.621,0.225,698,0,0,0
LOAN_00000101,CUST_00000111,Home Loan,9087709.54,116401.89,9.26,120,2.762,0.828,0.191,651,0,0,0
LOAN_00000102,CUST_00000113,Home Loan,6192401.04,50994.6,8.77,300,1.273,0.824,0.214,637,0,0,0
LOAN_00000103,CUST_00000114,Home Loan,9103693.93,93639.98,9.24,180,2.1778,0.784,0.185,637,0,0,0
LOAN_00000104,CUST_00000114,Auto Loan,589986.6,19053.83,10.06,36,2.621,0.682,0.185,637,0,0,0
LOAN_00000105,CUST_00000115,Personal Loan,597690.65,15954.56,12.73,48,0.0914,0.827,0.285,754,1,1,1
LOAN_00000106,CUST_00000115,Business Loan,1760391.15,58377.73,11.89,36,0.4259,0.781,0.285,754,1,0,0
LOAN_00000107,CUST_00000116,Home Loan,1899210.72,15190.71,8.42,300,0.6819,0.75,0.231,625,0,0,0
LOAN_00000108,CUST_00000117,Personal Loan,387889.08,9175.0,14.74,60,0.0906,0.968,0.308,671,0,0,0
LOAN_00000109,CUST_00000118,Two Wheeler Loan,508386.72,16313.66,9.62,36,0.539,0.957,0.242,662,0,0,0
LOAN_00000110,CUST_00000118,Auto Loan,735063.39,16567.34,12.58,60,1.0865,0.56,0.242,662,0,0,0
LOAN_00000111,CUST_00000118,Personal Loan,828147.2,23089.96,15.1,48,1.8494,0.571,0.242,662,0,0,0
LOAN_00000112,CUST_00000120,Personal Loan,952725.49,32335.62,13.51,36,0.7312,0.938,0.252,670,0,0,0
LOAN_00000113,CUST_00000120,Two Wheeler Loan,1351688.4,24056.61,12.27,84,1.2752,0.679,0.252,670,0,0,0
LOAN_00000114,CUST_00000121,Business Loan,174910.94,3117.67,12.32,84,0.0886,0.83,0.298,635,1,0,0
LOAN_00000115,CUST_00000121,Business Loan,1945010.67,173978.67,13.28,12,5.0343,0.865,0.298,635,0,0,0
LOAN_00000116,CUST_00000121,Two Wheeler Loan,170314.51,5647.94,11.89,36,5.1948,0.812,0.298,635,0,0,0
LOAN_00000117,CUST_00000123,Personal Loan,349525.82,31371.4,13.93,12,1.1042,0.6,0.342,605,0,0,0
LOAN_00000118,CUST_00000124,Personal Loan,73180.74,6619.68,15.42,12,0.2313,0.834,0.265,628,1,0,0
LOAN_00000119,CUST_00000125,Home Loan,5578942.77,56651.75,9.02,180,1.1855,0.563,0.267,660,0,0,0
LOAN_00000120,CUST_00000125,Personal Loan,154950.41,3533.54,13.1,60,1.2594,0.872,0.267,660,0,0,0
LOAN_00000121,CUST_00000127,Home Loan,4766776.5,60590.08,9.08,120,2.005,0.872,0.206,636,0,0,0
LOAN_00000122,CUST_00000127,Auto Loan,417364.5,37367.99,13.46,12,3.2416,0.681,0.206,636,0,0,0
LOAN_00000123,CUST_00000127,Personal Loan,259461.9,23094.16,12.34,12,4.0058,0.581,0.206,636,0,0,0
LOAN_00000124,CUST_00000128,Business Loan,1990324.86,175166.37,10.2,12,9.6217,0.914,0.214,638,0,0,0
LOAN_00000125,CUST_00000128,Two Wheeler Loan,526437.09,46380.18,10.4,12,12.1693,0.822,0.214,638,0,0,0
LOAN_00000126,CUST_00000129,Personal Loan,173039.18,15659.08,15.5,12,0.3438,0.7,0.273,641,1,0,0
LOAN_00000127,CUST_00000129,Home Loan,3707907.16,37917.5,9.14,180,1.1761,0.74,0.273,641,0,0,0
LOAN_00000128,CUST_00000131,Home Loan,5584985.91,46754.32,8.97,300,1.3405,0.616,0.195,654,0,0,0
LOAN_00000129,CUST_00000131,Personal Loan,884698.49,42933.9,15.09,24,2.5715,0.805,0.195,654,0,0,0
LOAN_00000130,CUST_00000132,Auto Loan,1392267.47,46223.26,11.97,36,0.0924,0.684,0.263,774,1,1,0
LOAN_00000131,CUST_00000132,Personal Loan,368362.91,8734.35,14.85,60,0.1098,0.864,0.263,774,1,1,1
LOAN_00000132,CUST_00000133,Gold Loan,1300445.7,21953.51,10.54,84,1.1422,0.573,0.265,635,0,0,0
LOAN_00000133,CUST_00000134,Home Loan,9685432.03,78905.6,8.64,300,2.3288,0.813,0.286,626,0,0,0
LOAN_00000134,CUST_00000134,Auto Loan,228890.41,3883.15,10.7,84,2.4434,0.752,0.286,626,0,0,0
LOAN_00000135,CUST_00000135,Personal Loan,877959.97,79608.21,15.88,12,1.7514,0.877,0.241,629,0,0,0
LOAN_00000136,CUST_00000137,Two Wheeler Loan,1398261.22,24147.99,11.28,84,0.8118,0.843,0.263,621,0,0,0
LOAN_00000137,CUST_00000138,Auto Loan,619193.1,11365.57,13.3,84,0.6899,0.766,0.22,630,0,0,0
LOAN_00000138,CUST_00000139,Home Loan,3830829.22,33416.58,9.48,300,0.6926,0.824,0.206,665,0,0,0
LOAN_00000139,CUST_00000141,Home Loan,8847045.12,111210.61,8.82,120,4.8199,0.789,0.236,655,0,0,0
LOAN_00000140,CUST_00000142,Two Wheeler Loan,1545945.58,137355.39,12.0,12,2.8078,0.612,0.283,665,0,0,0
LOAN_00000141,CUST_00000142,Personal Loan,168926.5,15214.36,14.59,12,3.1189,0.832,0.283,665,0,0,0
LOAN_00000142,CUST_00000143,Personal Loan,807681.15,27175.08,12.9,36,1.333,0.759,0.241,642,0,0,0
LOAN_00000143,CUST_00000145,Business Loan,1581716.88,50785.44,9.66,36,0.2963,0.616,0.299,722,1,0,0
LOAN_00000144,CUST_00000146,Auto Loan,1434683.44,47474.06,11.74,36,0.3817,0.744,0.251,683,1,0,0
LOAN_00000145,CUST_00000149,Personal Loan,589163.81,16277.66,14.6,48,0.3937,0.706,0.236,652,1,0,0
LOAN_00000146,CUST_00000150,Personal Loan,939401.63,24613.7,11.73,48,0.6,0.671,0.245,624,0,0,0
LOAN_00000147,CUST_00000151,Personal Loan,824083.86,27316.31,11.86,36,0.5536,0.658,0.162,659,0,0,0
LOAN_00000148,CUST_00000151,Auto Loan,1100165.06,19674.82,12.43,84,0.9524,0.916,0.162,659,0,0,0
LOAN_00000149,CUST_00000152,Home Loan,6220590.18,79238.13,9.13,120,0.604,0.901,0.296,711,0,0,0
LOAN_00000150,CUST_00000156,Business Loan,1481621.23,131966.24,12.47,12,2.6446,0.954,0.287,642,0,0,0
LOAN_00000151,CUST_00000157,Auto Loan,933369.3,83103.49,12.4,12,2.1409,0.859,0.231,629,0,0,0
LOAN_00000152,CUST_00000157,Personal Loan,612732.81,55480.75,15.61,12,3.5702,0.94,0.231,629,0,0,0
LOAN_00000153,CUST_00000159,Business Loan,441397.91,14336.11,10.45,36,0.891,0.642,0.534,587,0,0,0
LOAN_00000154,CUST_00000160,Home Loan,4553483.64,38119.17,8.97,300,0.8396,0.906,0.234,640,0,0,0
LOAN_00000155,CUST_00000161,Personal Loan,784799.47,20701.48,12.09,48,0.4383,0.735,0.258,654,0,0,0
LOAN_00000156,CUST_00000163,Personal Loan,837439.2,22649.71,13.44,48,0.7322,0.951,0.215,630,0,0,0
LOAN_00000157,CUST_00000166,Auto Loan,1001798.66,33696.68,12.88,36,1.2356,0.658,0.222,616,0,0,0
LOAN_00000158,CUST_00000170,Business Loan,174752.73,15362.73,9.99,12,0.8978,0.848,0.236,632,0,0,0
LOAN_00000159,CUST_00000173,Gold Loan,109385.96,2506.26,13.31,60,0.0803,0.812,0.277,638,1,0,0
LOAN_00000160,CUST_00000173,Auto Loan,365337.38,5993.54,9.62,84,0.2725,0.939,0.277,638,1,0,0
LOAN_00000161,CUST_00000173,Personal Loan,688972.01,23380.46,13.5,36,1.0221,0.759,0.277,638,0,0,0
LOAN_00000162,CUST_00000174,Auto Loan,1044632.05,18423.86,11.97,84,0.0191,0.678,0.335,749,1,0,0
LOAN_00000163,CUST_00000174,Auto Loan,509782.79,16966.19,12.14,36,0.0366,0.953,0.335,749,1,0,0
LOAN_00000164,CUST_00000174,Personal Loan,978315.48,46662.69,13.33,24,0.0849,0.768,0.335,749,1,0,0
LOAN_00000165,CUST_00000175,Personal Loan,684213.72,33220.76,15.14,24,0.0711,0.768,0.491,701,1,1,1
LOAN_00000166,CUST_00000178,Home Loan,7411471.26,92726.14,8.71,120,3.2322,0.723,0.165,645,0,0,0
LOAN_00000167,CUST_00000180,Auto Loan,1277031.66,27989.19,11.35,60,1.1807,0.882,0.245,661,0,0,0
LOAN_00000168,CUST_00000183,Home Loan,6431465.14,81088.7,8.89,120,1.7005,0.813,0.213,633,0,0,0
LOAN_00000169,CUST_00000184,Personal Loan,235989.09,6160.18,11.53,48,0.1275,0.811,0.202,675,1,0,0
LOAN_00000170,CUST_00000184,Business Loan,768083.11,24751.44,9.91,36,0.6398,0.673,0.202,675,0,0,0
LOAN_00000171,CUST_00000184,Two Wheeler Loan,1124406.43,99245.83,10.75,12,2.694,0.798,0.202,675,0,0,0
LOAN_00000172,CUST_00000187,Personal Loan,548905.21,49463.0,14.69,12,1.5266,0.907,0.284,641,0,0,0
LOAN_00000173,CUST_00000188,Two Wheeler Loan,1145430.43,100525.82,9.67,12,4.4582,0.811,0.323,607,0,0,0
LOAN_00000174,CUST_00000189,Personal Loan,251442.6,22605.89,14.25,12,0.0227,0.885,0.299,769,1,0,0
LOAN_00000175,CUST_00000189,Two Wheeler Loan,622131.47,20899.2,12.79,36,0.0438,0.939,0.299,769,1,0,0
LOAN_00000176,CUST_00000190,Personal Loan,750030.06,67831.01,15.38,12,0.6132,0.805,0.243,711,0,0,0
LOAN_00000177,CUST_00000191,Home Loan,3471550.32,34614.41,8.71,180,0.5088,0.455,0.298,701,1,0,0
LOAN_00000178,CUST_00000192,Home Loan,7599581.01,96680.05,9.1,120,3.1487,0.875,0.231,653,0,0,0
LOAN_00000179,CUST_00000195,Personal Loan,357202.98,31824.01,12.52,12,0.1504,0.787,0.523,714,0,0,0
LOAN_00000180,CUST_00000195,Two Wheeler Loan,544052.96,9505.38,11.66,84,0.1954,0.716,0.523,714,0,0,0
LOAN_00000181,CUST_00000197,Gold Loan,1357494.46,30011.82,11.73,60,0.2293,0.544,0.293,723,1,0,0
LOAN_00000182,CUST_00000199,Personal Loan,559036.3,26300.12,11.94,24,0.052,0.9,0.274,753,1,0,0
LOAN_00000183,CUST_00000200,Personal Loan,429350.12,14299.56,12.19,36,0.0783,0.847,0.258,752,1,0,0
LOAN_00000184,CUST_00000200,Two Wheeler Loan,342655.62,11512.44,12.8,36,0.1413,0.728,0.258,752,1,0,0
LOAN_00000185,CUST_00000201,Personal Loan,940109.93,25685.18,13.99,48,1.1028,0.933,0.296,619,0,0,0
LOAN_00000186,CUST_00000202,Business Loan,1044230.62,24011.45,13.47,60,0.6519,0.71,0.155,649,0,0,0
LOAN_00000187,CUST_00000203,Home Loan,8962781.72,82552.43,9.33,240,5.2158,0.763,0.303,625,0,0,0
LOAN_00000188,CUST_00000203,Home Loan,2974958.38,37846.71,9.1,120,7.607,0.803,0.303,625,0,0,0
LOAN_00000189,CUST_00000205,Business Loan,1025417.65,18063.06,11.93,84,0.3635,0.677,0.296,607,0,0,0
LOAN_00000190,CUST_00000205,Personal Loan,399157.7,8840.77,11.81,60,0.5414,0.736,0.296,607,0,0,0
LOAN_00000191,CUST_00000207,Home Loan,2398149.82,30417.7,9.03,120,0.7072,0.942,0.335,632,0,0,0
LOAN_00000192,CUST_00000209,Home Loan,1994392.26,20813.9,9.49,180,0.429,0.848,0.312,607,0,0,0
LOAN_00000193,CUST_00000209,Personal Loan,165315.69,3749.6,12.86,60,0.5063,0.884,0.312,607,0,0,0
LOAN_00000194,CUST_00000210,Two Wheeler Loan,1268916.93,41380.65,10.73,36,0.4052,0.545,0.447,661,0,0,0
LOAN_00000195,CUST_00000210,Business Loan,954590.83,20414.0,10.28,60,0.605,0.941,0.447,661,0,0,0
LOAN_00000196,CUST_00000210,Two Wheeler Loan,120959.4,10699.62,11.16,12,0.7098,0.776,0.447,661,0,0,0
LOAN_00000197,CUST_00000212,Personal Loan,61514.74,2060.55,12.59,36,0.0469,0.724,0.303,627,0,0,0
LOAN_00000198,CUST_00000213,Two Wheeler Loan,286356.9,9436.1,11.45,36,0.1974,0.879,0.229,647,1,0,0
LOAN_00000199,CUST_00000214,Home Loan,8172640.62,75434.13,9.36,240,0.1465,0.944,0.259,769,1,0,0
LOAN_00000200,CUST_00000216,Home Loan,6916212.55,87836.4,9.06,120,2.2337,0.717,0.201,668,0,0,0
LOAN_00000201,CUST_00000216,Home Loan,2776436.51,25266.73,9.16,240,2.8762,0.878,0.201,668,0,0,0
LOAN_00000202,CUST_00000217,Personal Loan,117693.89,10432.2,11.55,12,0.0205,0.843,0.244,786,1,0,0
LOAN_00000203,CUST_00000221,Two Wheeler Loan,603588.21,12700.09,9.58,60,0.3229,0.917,0.213,643,1,0,0
LOAN_00000204,CUST_00000223,Two Wheeler Loan,1323418.08,117348.96,11.62,12,3.5086,0.618,0.187,638,0,0,0
LOAN_00000205,CUST_00000224,Two Wheeler Loan,1642362.6,54651.97,12.13,36,1.2431,0.878,0.255,671,0,0,0
LOAN_00000206,CUST_00000225,Home Loan,5234942.41,47100.14,9.0,240,1.1319,0.821,0.385,598,0,0,0
LOAN_00000207,CUST_00000227,Business Loan,1708377.24,57710.21,13.18,36,2.8496,0.917,0.228,651,0,0,0
LOAN_00000208,CUST_00000227,Two Wheeler Loan,1575250.15,35136.17,12.12,60,4.5846,0.936,0.228,651,0,0,0
LOAN_00000209,CUST_00000231,Two Wheeler Loan,505671.6,11126.11,11.52,60,0.6192,0.742,0.226,630,0,0,0
LOAN_00000210,CUST_00000232,Personal Loan,586770.89,16211.54,14.6,48,0.1574,0.708,0.514,643,0,0,0
LOAN_00000211,CUST_00000233,Personal Loan,284344.92,25633.64,14.77,12,0.6726,0.9,0.24,641,0,0,0
LOAN_00000212,CUST_00000234,Auto Loan,457247.0,7809.96,10.92,84,0.0543,0.631,0.202,721,1,0,0
LOAN_00000213,CUST_00000235,Personal Loan,960169.81,85831.84,13.16,12,5.2119,0.799,0.336,610,0,0,0
LOAN_00000214,CUST_00000236,Home Loan,5313190.36,48283.59,9.14,240,1.1724,0.695,0.189,640,0,0,0
LOAN_00000215,CUST_00000236,Auto Loan,106114.7,3523.51,11.98,36,1.258,0.908,0.189,640,0,0,0
LOAN_00000216,CUST_00000236,Home Loan,6959766.97,59432.9,8.28,240,2.7011,0.663,0.189,640,0,0,0
LOAN_00000217,CUST_00000237,Two Wheeler Loan,612659.37,11078.97,12.8,84,0.3678,0.742,0.158,647,1,0,0
LOAN_00000218,CUST_00000238,Two Wheeler Loan,1082811.21,18688.72,11.26,84,0.1272,0.88,0.243,735,1,0,0
LOAN_00000219,CUST_00000239,Two Wheeler Loan,1996860.27,178569.67,13.23,12,1.4996,0.447,0.256,735,0,0,0
LOAN_00000220,CUST_00000241,Two Wheeler Loan,829282.61,73599.31,11.79,12,1.6567,0.645,0.211,643,0,0,0
LOAN_00000221,CUST_00000244,Personal Loan,542174.83,25735.25,12.84,24,1.1925,0.872,0.235,656,0,0,0
LOAN_00000222,CUST_00000244,Two Wheeler Loan,970555.08,85974.06,11.43,12,5.1763,0.561,0.235,656,0,0,0
LOAN_00000223,CUST_00000245,Personal Loan,629713.89,14042.67,12.11,60,0.3417,0.699,0.276,632,1,1,1
LOAN_00000224,CUST_00000245,Personal Loan,284629.86,6858.29,15.58,60,0.5085,0.865,0.276,632,0,0,0
LOAN_00000225,CUST_00000246,Personal Loan,513192.63,13426.31,11.65,48,0.0673,0.921,0.312,724,1,0,0
LOAN_00000226,CUST_00000246,Personal Loan,680600.2,33272.29,15.84,24,0.2341,0.828,0.312,724,1,0,0
LOAN_00000227,CUST_00000247,Gold Loan,587407.12,13102.2,12.12,60,0.333,0.942,0.257,612,0,0,0
LOAN_00000228,CUST_00000248,Personal Loan,158391.0,14086.19,12.18,12,0.3758,0.857,0.261,632,1,0,0
LOAN_00000229,CUST_00000250,Two Wheeler Loan,228569.89,7627.87,12.33,36,0.0453,0.727,0.235,753,1,0,0
LOAN_00000230,CUST_00000250,Business Loan,1714953.21,57108.54,12.18,36,0.3847,0.769,0.235,753,1,0,0
LOAN_00000231,CUST_00000251,Two Wheeler Loan,972555.77,85371.98,9.71,12,2.3755,0.668,0.188,678,0,0,0
LOAN_00000232,CUST_00000253,Home Loan,3241490.83,27961.11,9.34,300,1.0469,0.944,0.604,539,0,0,0
LOAN_00000233,CUST_00000253,Personal Loan,111944.36,2581.02,13.59,60,1.1436,0.691,0.604,539,0,0,0
LOAN_00000234,CUST_00000254,Two Wheeler Loan,822798.01,27565.06,12.6,36,0.0757,0.605,0.292,779,1,0,0
LOAN_00000235,CUST_00000255,Home Loan,9278265.58,93500.18,8.89,180,4.753,0.91,0.218,626,0,0,0
LOAN_00000236,CUST_00000255,Business Loan,1821672.18,59303.33,10.61,36,7.7676,0.831,0.218,626,0,0,0
LOAN_00000237,CUST_00000257,Auto Loan,258581.76,23099.46,13.03,12,0.9286,0.614,0.347,611,0,0,0
LOAN_00000238,CUST_00000258,Auto Loan,1305875.42,27848.91,10.16,60,0.2371,0.653,0.303,699,1,0,0
LOAN_00000239,CUST_00000258,Home Loan,7614505.79,65788.16,9.36,300,0.7972,0.852,0.303,699,0,0,0
LOAN_00000240,CUST_00000258,Two Wheeler Loan,1127508.13,37632.76,12.34,36,1.1176,0.967,0.303,699,0,0,0
LOAN_00000241,CUST_00000259,Home Loan,8540118.65,84800.23,8.64,180,2.5212,0.911,0.26,629,0,0,0
LOAN_00000242,CUST_00000263,Two Wheeler Loan,1337180.41,118794.35,11.98,12,2.6337,0.891,0.252,674,0,0,0
LOAN_00000243,CUST_00000264,Personal Loan,692368.68,61827.49,12.96,12,2.9722,0.741,0.236,644,0,0,0
LOAN_00000244,CUST_00000266,Personal Loan,660737.81,31917.8,14.62,24,1.327,0.605,0.266,633,0,0,0
LOAN_00000245,CUST_00000266,Personal Loan,670504.65,32740.36,15.72,24,2.6883,0.762,0.266,633,0,0,0
LOAN_00000246,CUST_00000268,Auto Loan,1164837.2,24714.97,9.94,60,0.7912,0.964,0.463,597,0,0,0
LOAN_00000247,CUST_00000268,Home Loan,9802802.79,84080.92,8.34,240,3.4829,0.776,0.463,597,0,0,0
LOAN_00000248,CUST_00000270,Personal Loan,915231.65,44328.7,14.89,24,1.0327,0.896,0.217,678,0,0,0
LOAN_00000249,CUST_00000270,Personal Loan,718501.68,34473.58,13.93,24,1.8357,0.829,0.217,678,0,0,0
LOAN_00000250,CUST_00000272,Personal Loan,334923.16,16213.85,14.84,24,0.1094,0.715,0.187,706,1,0,0
LOAN_00000251,CUST_00000275,Personal Loan,603666.49,21217.16,15.98,36,0.5226,0.652,0.218,649,0,0,0
LOAN_00000252,CUST_00000275,Auto Loan,318372.69,6745.7,9.88,60,0.6887,0.736,0.218,649,0,0,0
LOAN_00000253,CUST_00000276,Home Loan,5158632.99,45127.61,8.61,240,1.0313,0.9,0.247,626,0,0,0
LOAN_00000254,CUST_00000277,Auto Loan,1299484.35,22849.21,11.87,84,0.1314,0.602,0.241,721,1,0,0
LOAN_00000255,CUST_00000278,Auto Loan,1906009.0,42301.86,11.9,60,1.1516,0.578,0.237,662,0,0,0
LOAN_00000256,CUST_00000280,Home Loan,1888014.34,23287.68,8.38,120,0.621,0.973,0.213,631,0,0,0
LOAN_00000257,CUST_00000283,Personal Loan,57280.83,2709.53,12.49,24,0.01,0.906,0.22,766,1,0,0
LOAN_00000258,CUST_00000284,Home Loan,2240288.52,20156.46,9.0,240,0.43,0.875,0.194,678,0,0,0
LOAN_00000259,CUST_00000284,Home Loan,7469199.51,96608.73,9.49,120,2.4909,0.856,0.194,678,0,0,0
LOAN_00000260,CUST_00000284,Home Loan,9214693.52,117377.13,9.13,120,4.9948,0.519,0.194,678,0,0,0
LOAN_00000261,CUST_00000285,Personal Loan,654581.3,17150.99,11.73,48,0.186,0.791,0.281,719,1,0,0
LOAN_00000262,CUST_00000285,Home Loan,2528712.5,22330.37,8.74,240,0.4281,0.782,0.281,719,1,0,0
LOAN_00000263,CUST_00000286,Auto Loan,787647.98,17469.1,11.87,60,0.5562,0.717,0.231,663,0,0,0
LOAN_00000264,CUST_00000288,Personal Loan,557269.1,12435.6,12.14,60,0.2253,0.823,0.231,702,1,0,0
LOAN_00000265,CUST_00000288,Personal Loan,166853.13,3883.25,14.01,60,0.2956,0.931,0.231,702,1,0,0
LOAN_00000266,CUST_00000289,Auto Loan,623224.23,10582.85,10.73,84,0.5563,0.583,0.209,620,0,0,0
LOAN_00000267,CUST_00000290,Business Loan,918871.92,29987.05,10.78,36,0.9057,0.446,0.177,669,0,0,0
LOAN_00000268,CUST_00000290,Auto Loan,811650.49,17313.14,10.17,60,1.4286,0.749,0.177,669,0,0,0
LOAN_00000269,CUST_00000293,Auto Loan,747147.92,12322.62,9.79,84,0.5155,0.794,0.144,637,0,0,0
LOAN_00000270,CUST_00000294,Personal Loan,988634.17,22768.7,13.54,60,0.0556,0.678,0.38,710,1,0,0
LOAN_00000271,CUST_00000295,Home Loan,1831466.11,17757.14,8.24,180,1.163,0.772,0.192,651,0,0,0
LOAN_00000272,CUST_00000295,Home Loan,3958580.56,36563.76,9.37,240,3.5578,0.872,0.192,651,0,0,0
LOAN_00000273,CUST_00000295,Gold Loan,647970.33,11907.96,13.34,84,4.3377,0.898,0.192,651,0,0,0
LOAN_00000274,CUST_00000297,Home Loan,7976165.41,73206.21,9.28,240,2.2347,0.74,0.236,629,0,0,0
LOAN_00000275,CUST_00000301,Auto Loan,759826.37,16832.89,11.82,60,0.2775,0.911,0.298,666,1,0,0
LOAN_00000276,CUST_00000301,Gold Loan,1772598.05,157484.9,11.99,12,2.8741,0.785,0.298,666,0,0,0
LOAN_00000277,CUST_00000301,Personal Loan,501768.74,17134.65,13.94,36,3.1566,0.758,0.298,666,0,0,0
LOAN_00000278,CUST_00000303,Personal Loan,804500.13,27006.15,12.74,36,0.5797,0.918,0.226,655,0,0,0
LOAN_00000279,CUST_00000303,Business Loan,1218589.89,20865.23,11.0,84,1.0276,0.827,0.226,655,0,0,0
LOAN_00000280,CUST_00000304,Home Loan,6406871.75,55221.38,9.33,300,1.5687,0.76,0.308,616,0,0,0
LOAN_00000281,CUST_00000305,Gold Loan,480901.58,10203.55,9.94,60,0.0663,0.632,0.29,747,1,0,0
LOAN_00000282,CUST_00000306,Home Loan,5838676.16,59254.48,9.01,180,0.3418,0.905,0.322,746,1,0,0
LOAN_00000283,CUST_00000306,Personal Loan,390779.75,18969.89,15.12,24,0.4512,0.832,0.322,746,1,0,0
LOAN_00000284,CUST_00000307,Two Wheeler Loan,659776.85,10803.66,9.56,84,0.2722,0.782,0.229,653,1,0,0
LOAN_00000285,CUST_00000308,Auto Loan,1555620.27,52325.13,12.88,36,2.5642,0.714,0.336,624,0,0,0
LOAN_00000286,CUST_00000308,Home Loan,4960405.16,42390.53,8.29,240,4.6415,0.788,0.336,624,0,0,0
LOAN_00000287,CUST_00000310,Home Loan,4046308.26,49736.65,8.3,120,2.4969,0.87,0.287,625,0,0,0
LOAN_00000288,CUST_00000310,Personal Loan,432729.62,14544.96,12.83,36,3.2271,0.871,0.287,625,0,0,0
LOAN_00000289,CUST_00000310,Home Loan,9201943.52,80556.86,8.62,240,7.2712,0.695,0.287,625,0,0,0
LOAN_00000290,CUST_00000311,Home Loan,7006448.29,55758.34,8.36,300,3.4668,0.668,0.238,623,0,0,0
LOAN_00000291,CUST_00000312,Personal Loan,698486.36,15746.5,12.59,60,0.3386,0.784,0.235,672,1,0,0
LOAN_00000292,CUST_00000314,Personal Loan,521860.65,17528.3,12.78,36,0.5162,0.913,0.286,649,0,0,0
LOAN_00000293,CUST_00000314,Personal Loan,50127.96,1364.8,13.8,48,0.5563,0.757,0.286,649,0,0,0
LOAN_00000294,CUST_00000316,Personal Loan,146797.77,3946.97,13.12,48,0.1069,0.887,0.217,654,1,0,0
LOAN_00000295,CUST_00000317,Business Loan,816904.3,27666.6,13.36,36,1.255,0.878,0.211,663,0,0,0
LOAN_00000296,CUST_00000318,Two Wheeler Loan,108290.21,1807.27,10.17,84,0.0023,0.713,0.366,746,1,0,0
LOAN_00000297,CUST_00000319,Personal Loan,150096.68,7279.11,15.02,24,0.0797,0.751,0.287,729,1,0,0
LOAN_00000298,CUST_00000320,Home Loan,3275503.15,40927.56,8.68,120,0.2959,0.786,0.304,730,1,0,0
LOAN_00000299,CUST_00000321,Personal Loan,674485.81,15565.02,13.63,60,0.4421,0.733,0.373,610,0,0,0
LOAN_00000300,CUST_00000321,Personal Loan,179770.86,4223.14,14.43,60,0.5621,0.566,0.373,610,0,0,0
LOAN_00000301,CUST_00000322,Personal Loan,895704.25,79913.64,12.79,12,0.2444,0.785,0.267,760,1,0,0
LOAN_00000302,CUST_00000323,Personal Loan,410139.35,19502.63,13.02,24,0.1663,0.991,0.266,745,1,0,0
LOAN_00000303,CUST_00000323,Personal Loan,490890.4,17219.5,15.84,36,0.3132,0.872,0.266,745,1,0,0
LOAN_00000304,CUST_00000324,Gold Loan,338545.41,10855.69,9.57,36,0.0705,0.77,0.243,705,1,1,1
LOAN_00000305,CUST_00000325,Home Loan,4458812.54,55713.06,8.68,120,0.271,0.804,0.299,740,1,0,0
LOAN_00000306,CUST_00000325,Two Wheeler Loan,1582714.63,140126.69,11.33,12,0.9525,0.804,0.299,740,0,0,0
LOAN_00000307,CUST_00000327,Two Wheeler Loan,1000238.67,16465.94,9.73,84,0.9097,0.825,0.225,630,0,0,0
LOAN_00000308,CUST_00000331,Two Wheeler Loan,1198766.96,105440.85,10.09,12,3.3288,0.69,0.268,645,0,0,0
LOAN_00000309,CUST_00000334,Personal Loan,496488.85,13946.35,15.51,48,0.4307,0.759,0.189,657,0,0,0
LOAN_00000310,CUST_00000334,Auto Loan,950579.51,30690.38,10.04,36,1.3783,0.727,0.189,657,0,0,0
LOAN_00000311,CUST_00000335,Personal Loan,310968.62,8675.0,15.13,48,0.2638,0.984,0.242,657,1,0,0
LOAN_00000312,CUST_00000336,Personal Loan,97480.08,2727.79,15.3,48,0.0666,0.688,0.202,661,1,0,0
LOAN_00000313,CUST_00000337,Two Wheeler Loan,1964173.09,65032.46,11.78,36,0.3539,0.945,0.199,756,1,0,0
LOAN_00000314,CUST_00000337,Gold Loan,461204.53,41122.16,12.67,12,0.5776,0.728,0.199,756,0,0,0
LOAN_00000315,CUST_00000337,Personal Loan,503055.1,45340.84,14.73,12,0.8243,0.946,0.199,756,0,0,0
LOAN_00000316,CUST_00000338,Two Wheeler Loan,1047901.76,17153.73,9.55,84,0.6005,0.604,0.312,649,0,0,0
LOAN_00000317,CUST_00000339,Personal Loan,457266.92,21446.22,11.63,24,0.0314,0.909,0.272,751,1,0,0
LOAN_00000318,CUST_00000340,Gold Loan,185331.47,3325.37,12.54,84,0.1205,0.918,0.265,660,1,0,0
LOAN_00000319,CUST_00000340,Auto Loan,778530.2,69408.42,12.65,12,2.6351,0.957,0.265,660,0,0,0
LOAN_00000320,CUST_00000343,Personal Loan,530660.01,25101.61,12.49,24,0.6145,0.835,0.279,646,0,0,0
LOAN_00000321,CUST_00000343,Auto Loan,929566.96,82512.64,11.82,12,2.6343,0.867,0.279,646,0,0,0
LOAN_00000322,CUST_00000344,Business Loan,1795860.63,58947.37,11.18,36,2.1149,0.586,0.229,641,0,0,0
LOAN_00000323,CUST_00000344,Auto Loan,453658.21,7727.24,10.83,84,2.3921,0.714,0.229,641,0,0,0
LOAN_00000324,CUST_00000345,Home Loan,4980002.61,45610.19,9.25,240,1.7014,0.63,0.27,643,0,0,0
LOAN_00000325,CUST_00000345,Auto Loan,388030.64,7059.04,13.0,84,1.9647,0.59,0.27,643,0,0,0
LOAN_00000326,CUST_00000345,Personal Loan,777269.41,17094.18,11.5,60,2.6024,0.906,0.27,643,0,0,0
LOAN_00000327,CUST_00000348,Gold Loan,526157.62,9330.38,12.15,84,0.384,0.762,0.227,657,1,0,0
LOAN_00000328,CUST_00000349,Two Wheeler Loan,445066.54,7615.94,10.98,84,0.5061,0.909,0.252,638,0,0,0
LOAN_00000329,CUST_00000350,Personal Loan,567272.11,15698.61,14.69,48,0.0937,0.83,0.236,739,1,0,0
LOAN_00000330,CUST_00000352,Personal Loan,728702.96,25232.19,14.92,36,0.0095,0.654,0.282,763,1,0,0
LOAN_00000331,CUST_00000353,Auto Loan,1457220.61,47949.43,11.35,36,1.1323,0.757,0.268,665,0,0,0
LOAN_00000332,CUST_00000353,Two Wheeler Loan,470957.15,10211.59,10.88,60,1.3735,0.731,0.268,665,0,0,0
LOAN_00000333,CUST_00000354,Home Loan,4734400.53,37835.96,8.41,300,1.3971,0.741,0.281,660,0,0,0
LOAN_00000334,CUST_00000354,Two Wheeler Loan,121694.17,4060.03,12.31,36,1.547,0.737,0.281,660,0,0,0
LOAN_00000335,CUST_00000354,Two Wheeler Loan,1138217.6,26114.04,13.37,60,2.5113,0.875,0.281,660,0,0,0
LOAN_00000336,CUST_00000356,Auto Loan,853452.0,75043.9,10.03,12,2.3075,0.861,0.337,625,0,0,0
LOAN_00000337,CUST_00000356,Two Wheeler Loan,575889.01,12810.33,12.0,60,2.7015,0.836,0.337,625,0,0,0
LOAN_00000338,CUST_00000357,Personal Loan,571415.73,19195.51,12.79,36,1.1608,0.904,0.23,623,0,0,0
LOAN_00000339,CUST_00000358,Home Loan,2081002.2,19018.77,9.22,240,0.0055,0.949,0.332,743,1,0,0
LOAN_00000340,CUST_00000359,Business Loan,1319295.35,117335.09,12.19,12,0.5951,0.625,0.223,782,0,0,0
LOAN_00000341,CUST_00000363,Gold Loan,228254.84,7534.53,11.57,36,0.3309,0.892,0.207,628,1,0,0
LOAN_00000342,CUST_00000365,Personal Loan,245066.29,6656.3,13.67,48,0.1599,0.871,0.27,627,1,0,0
LOAN_00000343,CUST_00000368,Personal Loan,137463.64,6613.02,14.2,24,0.137,0.746,0.308,654,0,0,0
LOAN_00000344,CUST_00000368,Gold Loan,576696.79,19209.72,12.2,36,0.535,0.665,0.308,654,0,0,0
LOAN_00000345,CUST_00000368,Auto Loan,1745581.7,156148.2,13.29,12,3.7702,0.749,0.308,654,0,0,0
LOAN_00000346,CUST_00000369,Home Loan,1630856.58,13641.45,8.96,300,0.2947,0.947,0.312,640,0,0,0
LOAN_00000347,CUST_00000370,Personal Loan,688837.47,16714.61,15.9,60,0.4683,0.758,0.245,635,0,0,0
LOAN_00000348,CUST_00000370,Home Loan,3699048.96,30436.63,8.76,300,1.3211,0.747,0.245,635,0,0,0
LOAN_00000349,CUST_00000371,Personal Loan,239306.82,21650.28,15.45,12,0.0416,0.84,0.202,781,1,0,0
LOAN_00000350,CUST_00000372,Two Wheeler Loan,1252790.28,22242.67,12.19,84,1.0954,0.77,0.202,641,0,0,0
LOAN_00000351,CUST_00000373,Personal Loan,635944.43,15075.72,14.84,60,0.3607,0.586,0.225,643,1,0,0
LOAN_00000352,CUST_00000374,Home Loan,3785254.87,47296.93,8.68,120,1.8448,0.729,0.245,653,0,0,0
LOAN_00000353,CUST_00000375,Personal Loan,720187.79,16541.74,13.42,60,0.0933,0.939,0.281,764,1,0,0
LOAN_00000354,CUST_00000377,Personal Loan,335993.77,9141.13,13.76,48,0.2684,0.878,0.253,643,1,0,0
LOAN_00000355,CUST_00000378,Auto Loan,594449.54,12671.28,10.14,60,0.3514,0.926,0.308,600,0,0,0
LOAN_00000356,CUST_00000379,Personal Loan,324728.07,8693.92,12.89,48,0.1824,0.957,0.252,646,1,0,0
LOAN_00000357,CUST_00000380,Two Wheeler Loan,684812.08,23126.84,13.16,36,0.129,0.749,0.212,748,1,0,0
LOAN_00000358,CUST_00000380,Business Loan,294879.13,5059.91,11.07,84,0.1572,0.693,0.212,748,1,0,0
LOAN_00000359,CUST_00000381,Auto Loan,404694.27,9041.1,12.19,60,0.0583,0.924,0.253,733,1,0,0
LOAN_00000360,CUST_00000383,Two Wheeler Loan,1078373.36,17985.96,10.15,84,0.7745,0.868,0.213,650,0,0,0
LOAN_00000361,CUST_00000386,Auto Loan,566169.4,9320.29,9.73,84,0.2662,0.898,0.223,630,1,0,0
LOAN_00000362,CUST_00000387,Home Loan,5146026.83,42833.43,8.9,300,1.6643,0.866,0.253,630,0,0,0
LOAN_00000363,CUST_00000388,Business Loan,1299695.95,42939.18,11.63,36,0.4624,0.917,0.236,732,1,1,1
LOAN_00000364,CUST_00000390,Business Loan,488201.13,16105.89,11.53,36,0.5347,0.82,0.348,626,0,0,0
LOAN_00000365,CUST_00000391,Auto Loan,581217.53,50973.99,9.54,12,1.2486,0.559,0.213,671,0,0,0
LOAN_00000366,CUST_00000392,Home Loan,4335841.36,55465.76,9.23,120,2.2733,0.767,0.303,621,0,0,0
LOAN_00000367,CUST_00000392,Home Loan,2143447.68,26805.51,8.7,120,3.372,0.786,0.303,621,0,0,0
LOAN_00000368,CUST_00000393,Home Loan,6104968.2,53169.25,9.46,300,1.1008,0.872,0.237,665,0,0,0
LOAN_00000369,CUST_00000393,Two Wheeler Loan,923597.24,31338.07,13.49,36,1.7496,0.92,0.237,665,0,0,0
LOAN_00000370,CUST_00000394,Personal Loan,401095.49,19180.15,13.59,24,0.3932,0.561,0.473,594,0,0,0
LOAN_00000371,CUST_00000396,Home Loan,1545164.54,14151.65,9.25,240,0.3979,0.915,0.312,607,0,0,0
LOAN_00000372,CUST_00000397,Two Wheeler Loan,1528319.29,34547.5,12.71,60,0.7121,0.753,0.232,651,0,0,0
LOAN_00000373,CUST_00000398,Personal Loan,235226.44,6607.5,15.51,48,0.219,0.708,0.28,614,0,0,0
LOAN_00000374,CUST_00000399,Business Loan,1199732.83,26705.59,12.03,60,0.52,0.588,0.232,692,1,0,0
LOAN_00000375,CUST_00000403,Business Loan,1063413.33,17791.59,10.25,84,1.0227,0.891,0.274,648,0,0,0
LOAN_00000376,CUST_00000404,Two Wheeler Loan,616697.47,10975.64,12.27,84,0.2369,0.857,0.22,650,1,0,0
LOAN_00000377,CUST_00000406,Personal Loan,615538.1,54888.7,12.69,12,2.1494,0.767,0.168,648,0,0,0
LOAN_00000378,CUST_00000409,Home Loan,5174942.92,63444.53,8.24,120,2.3078,0.796,0.133,670,0,0,0
LOAN_00000379,CUST_00000410,Personal Loan,903023.23,21720.59,15.5,60,0.7926,0.613,0.237,663,0,0,0
LOAN_00000380,CUST_00000411,Personal Loan,140172.04,4928.03,16.0,36,0.2262,0.725,0.347,594,0,0,0
LOAN_00000381,CUST_00000412,Personal Loan,88333.29,7904.2,13.35,12,0.2173,0.838,0.293,616,0,0,0
LOAN_00000382,CUST_00000412,Auto Loan,694278.18,61724.76,12.12,12,1.9145,0.61,0.293,616,0,0,0
LOAN_00000383,CUST_00000412,Two Wheeler Loan,1277099.78,113319.46,11.75,12,5.0303,0.807,0.293,616,0,0,0
LOAN_00000384,CUST_00000413,Two Wheeler Loan,940358.23,31381.77,12.33,36,2.0824,0.802,0.283,617,0,0,0
LOAN_00000385,CUST_00000413,Business Loan,749620.03,66466.14,11.61,12,6.493,0.507,0.283,617,0,0,0
LOAN_00000386,CUST_00000413,Auto Loan,201361.19,6622.86,11.32,36,6.9325,0.928,0.283,617,0,0,0
LOAN_00000387,CUST_00000415,Auto Loan,1424558.03,47376.97,12.09,36,1.3062,0.834,0.219,637,0,0,0
LOAN_00000388,CUST_00000417,Home Loan,7175965.03,92032.16,9.29,120,3.1284,0.487,0.272,644,0,0,0
LOAN_00000389,CUST_00000418,Gold Loan,1118276.65,36849.71,11.45,36,1.8425,0.82,0.245,649,0,0,0
LOAN_00000390,CUST_00000418,Business Loan,1208062.53,21241.71,11.87,84,2.9046,0.833,0.245,649,0,0,0
LOAN_00000391,CUST_00000419,Business Loan,1352186.28,28956.7,10.34,60,0.9758,0.812,0.223,658,0,0,0
LOAN_00000392,CUST_00000419,Personal Loan,812508.3,28561.37,15.99,36,1.9383,0.782,0.223,658,0,0,0
LOAN_00000393,CUST_00000420,Two Wheeler Loan,218548.73,19299.39,10.84,12,0.8087,0.864,0.268,609,0,0,0
LOAN_00000394,CUST_00000423,Personal Loan,145929.2,6886.44,12.25,24,0.0635,0.756,0.309,731,1,0,0
LOAN_00000395,CUST_00000429,Auto Loan,218873.2,19277.06,10.34,12,0.418,0.87,0.183,660,0,0,0
LOAN_00000396,CUST_00000432,Personal Loan,585237.95,52855.73,15.12,12,1.1042,0.704,0.245,663,0,0,0
LOAN_00000397,CUST_00000433,Personal Loan,513442.6,11387.55,11.87,60,0.4694,0.838,0.291,624,0,0,0
LOAN_00000398,CUST_00000434,Home Loan,7662551.65,64041.7,8.95,300,1.6228,0.693,0.259,658,0,0,0
LOAN_00000399,CUST_00000435,Two Wheeler Loan,1979957.15,66769.82,13.06,36,1.935,0.827,0.177,653,0,0,0
LOAN_00000400,CUST_00000436,Home Loan,8624958.58,85795.04,8.67,180,0.1033,0.926,0.221,754,1,0,0
LOAN_00000401,CUST_00000439,Personal Loan,589340.95,20173.78,14.11,36,0.8725,0.896,0.215,619,0,0,0
LOAN_00000402,CUST_00000439,Home Loan,7124171.71,87872.97,8.38,120,4.6732,0.893,0.215,619,0,0,0
LOAN_00000403,CUST_00000439,Personal Loan,834425.4,18896.16,12.79,60,5.4905,0.729,0.215,619,0,0,0
LOAN_00000404,CUST_00000440,Two Wheeler Loan,798042.38,70104.94,9.85,12,0.4905,0.779,0.207,775,1,0,0
LOAN_00000405,CUST_00000443,Personal Loan,300084.98,6599.65,11.5,60,0.3913,0.764,0.281,622,1,0,0
LOAN_00000406,CUST_00000443,Home Loan,4485364.79,35574.93,8.32,300,2.5004,0.935,0.281,622,0,0,0
LOAN_00000407,CUST_00000444,Home Loan,5463545.01,49826.53,9.19,240,1.5325,0.822,0.287,652,0,0,0
LOAN_00000408,CUST_00000444,Two Wheeler Loan,855944.84,76374.38,12.81,12,3.8816,0.896,0.287,652,0,0,0
LOAN_00000409,CUST_00000445,Home Loan,5760842.98,49158.51,8.27,240,2.3104,0.862,0.55,570,0,0,0
LOAN_00000410,CUST_00000445,Personal Loan,73723.08,6602.74,13.52,12,2.6207,0.713,0.55,570,0,0,0
LOAN_00000411,CUST_00000447,Two Wheeler Loan,844977.8,15143.05,12.5,84,0.521,0.867,0.173,654,0,0,0
LOAN_00000412,CUST_00000448,Business Loan,835912.78,13773.7,9.76,84,0.8189,0.861,0.197,620,0,0,0
LOAN_00000413,CUST_00000450,Auto Loan,1873089.67,31640.16,10.56,84,0.1585,0.779,0.296,715,1,0,0
LOAN_00000414,CUST_00000450,Business Loan,1504227.25,48969.12,10.61,36,0.4039,0.677,0.296,715,1,0,0
LOAN_00000415,CUST_00000450,Personal Loan,470658.23,12549.63,12.67,48,0.4668,0.894,0.296,715,1,0,0
LOAN_00000416,CUST_00000451,Personal Loan,137742.5,3080.04,12.23,60,0.1152,0.67,0.173,637,1,0,0
LOAN_00000417,CUST_00000451,Personal Loan,497412.24,17116.56,14.48,36,0.7554,0.753,0.173,637,0,0,0
LOAN_00000418,CUST_00000452,Two Wheeler Loan,205650.49,3364.31,9.53,84,0.1924,0.934,0.241,645,1,0,0
LOAN_00000419,CUST_00000452,Business Loan,1827433.0,31059.98,10.76,84,1.9687,0.57,0.241,645,0,0,0
LOAN_00000420,CUST_00000454,Two Wheeler Loan,327793.08,7364.67,12.44,60,0.0744,0.594,0.236,705,1,0,0
LOAN_00000421,CUST_00000455,Personal Loan,160753.92,7715.22,13.96,24,0.3449,0.683,0.225,642,1,0,0
LOAN_00000422,CUST_00000456,Auto Loan,1348357.95,30741.44,13.09,60,0.9619,0.821,0.296,605,0,0,0
LOAN_00000423,CUST_00000456,Two Wheeler Loan,298463.58,5238.42,11.81,84,1.1258,0.738,0.296,605,0,0,0
LOAN_00000424,CUST_00000458,Two Wheeler Loan,161642.55,2864.68,12.13,84,0.0966,0.718,0.213,638,1,0,0
LOAN_00000425,CUST_00000459,Two Wheeler Loan,1968777.69,33235.98,10.54,84,0.9824,0.737,0.52,589,0,0,0
LOAN_00000426,CUST_00000459,Personal Loan,707410.69,24026.72,13.56,36,1.6926,0.946,0.52,589,0,0,0
LOAN_00000427,CUST_00000459,Home Loan,8500193.93,108922.86,9.27,120,4.9123,0.661,0.52,589,0,0,0
LOAN_00000428,CUST_00000463,Home Loan,8647724.04,74992.23,8.49,240,3.0297,0.9,0.18,656,0,0,0
LOAN_00000429,CUST_00000464,Personal Loan,935927.13,24660.34,12.03,48,0.0439,0.756,0.242,756,1,0,0
LOAN_00000430,CUST_00000465,Personal Loan,673589.12,23638.19,15.87,36,0.1395,0.836,0.222,721,1,0,0
LOAN_00000431,CUST_00000466,Business Loan,1357377.69,28713.53,9.81,60,1.9113,0.98,0.283,621,0,0,0
LOAN_00000432,CUST_00000467,Auto Loan,809570.1,17408.84,10.52,60,0.6379,0.876,0.226,630,0,0,0
LOAN_00000433,CUST_00000467,Auto Loan,233205.47,20619.79,11.08,12,1.3934,0.821,0.226,630,0,0,0
LOAN_00000434,CUST_00000468,Personal Loan,885363.7,42513.05,14.01,24,0.9085,0.756,0.175,675,0,0,0
LOAN_00000435,CUST_00000469,Auto Loan,1296659.24,42518.54,11.11,36,0.8506,0.51,0.302,620,0,0,0
LOAN_00000436,CUST_00000469,Two Wheeler Loan,1666495.88,27743.36,10.09,84,1.4057,0.67,0.302,620,0,0,0
LOAN_00000437,CUST_00000470,Business Loan,577221.61,19415.53,12.88,36,0.5907,0.972,0.449,599,0,0,0
LOAN_00000438,CUST_00000475,Gold Loan,850795.07,15206.04,12.41,84,0.3125,0.674,0.313,655,0,0,0
LOAN_00000439,CUST_00000475,Home Loan,8158032.86,65965.8,8.55,300,1.6684,0.825,0.313,655,0,0,0
LOAN_00000440,CUST_00000475,Auto Loan,328736.4,6025.13,13.25,84,1.7923,0.922,0.313,655,0,0,0
LOAN_00000441,CUST_00000476,Home Loan,2861917.61,35361.35,8.42,120,0.1841,0.788,0.299,777,1,0,0
LOAN_00000442,CUST_00000479,Auto Loan,409736.32,8794.66,10.44,60,0.4249,0.856,0.312,601,0,0,0
LOAN_00000443,CUST_00000480,Home Loan,1930291.01,15219.38,8.25,300,0.4834,0.814,0.329,612,0,0,0
LOAN_00000444,CUST_00000480,Personal Loan,798003.36,37893.57,12.88,24,1.687,0.593,0.329,612,0,0,0
LOAN_00000445,CUST_00000482,Personal Loan,909031.13,20771.77,13.19,60,0.1115,0.746,0.25,740,1,0,0
LOAN_00000446,CUST_00000485,Business Loan,281185.75,4859.05,11.3,84,0.1021,0.88,0.284,642,1,0,0
LOAN_00000447,CUST_00000485,Personal Loan,517908.61,11914.33,13.49,60,0.3523,0.931,0.284,642,1,0,0
LOAN_00000448,CUST_00000486,Two Wheeler Loan,392409.82,8356.87,10.1,60,0.1902,0.912,0.253,658,1,0,0
LOAN_00000449,CUST_00000486,Personal Loan,422315.03,11676.42,14.64,48,0.456,0.933,0.253,658,0,0,0
LOAN_00000450,CUST_00000487,Personal Loan,268494.07,6157.28,13.35,60,0.3548,0.938,0.198,670,1,0,0
LOAN_00000451,CUST_00000487,Home Loan,2828694.25,25742.3,9.16,240,1.8383,0.949,0.198,670,0,0,0
LOAN_00000452,CUST_00000488,Personal Loan,988999.94,27977.91,15.9,48,1.3299,0.701,0.268,628,0,0,0
LOAN_00000453,CUST_00000488,Personal Loan,494297.15,16963.61,14.29,36,2.1362,0.938,0.268,628,0,0,0
LOAN_00000454,CUST_00000488,Business Loan,482903.92,11046.97,13.24,60,2.6613,0.791,0.268,628,0,0,0
LOAN_00000455,CUST_00000490,Personal Loan,895417.71,43825.32,15.96,24,1.2011,0.828,0.188,646,0,0,0
LOAN_00000456,CUST_00000490,Business Loan,295400.93,25970.43,10.0,12,1.9128,0.642,0.188,646,0,0,0
LOAN_00000457,CUST_00000491,Auto Loan,1193182.43,39187.69,11.22,36,1.4152,0.916,0.289,654,0,0,0
LOAN_00000458,CUST_00000493,Two Wheeler Loan,515556.39,45263.28,9.74,12,0.1645,0.915,0.187,779,1,0,0
LOAN_00000459,CUST_00000495,Business Loan,730745.86,24048.45,11.36,36,0.5026,0.435,0.191,688,1,0,0
LOAN_00000460,CUST_00000496,Gold Loan,195791.87,6602.66,13.06,36,0.0466,0.675,0.255,713,1,0,0
LOAN_00000461,CUST_00000497,Personal Loan,921404.66,24870.16,13.33,48,1.4249,0.899,0.191,669,0,0,0
LOAN_00000462,CUST_00000498,Business Loan,1605163.27,35876.54,12.21,60,1.7176,0.804,0.218,641,0,0,0
LOAN_00000463,CUST_00000501,Auto Loan,1227576.63,39357.34,9.56,36,0.8832,0.555,0.236,630,0,0,0
LOAN_00000464,CUST_00000505,Business Loan,1334597.29,43007.33,9.91,36,0.1366,0.923,0.19,776,1,1,0
LOAN_00000465,CUST_00000505,Home Loan,3663091.32,31143.0,8.22,240,0.2356,0.846,0.19,776,1,0,0
LOAN_00000466,CUST_00000507,Home Loan,6660649.89,58690.99,8.71,240,1.6264,0.806,0.271,619,0,0,0
LOAN_00000467,CUST_00000509,Home Loan,6020910.02,62291.84,9.34,180,1.759,0.614,0.334,589,0,0,0
LOAN_00000468,CUST_00000509,Auto Loan,1396164.21,30189.15,10.76,60,2.6114,0.913,0.334,589,0,0,0
LOAN_00000469,CUST_00000509,Auto Loan,1431161.84,127498.7,12.51,12,6.2117,0.656,0.334,589,0,0,0
LOAN_00000470,CUST_00000513,Auto Loan,1714922.73,36673.76,10.28,60,1.2035,0.904,0.266,612,0,0,0
LOAN_00000471,CUST_00000517,Home Loan,3486796.73,35427.67,9.03,180,0.3234,0.889,0.342,690,1,0,0
LOAN_00000472,CUST_00000518,Two Wheeler Loan,1207947.42,21595.84,12.42,84,0.0159,0.959,0.258,781,1,0,0
LOAN_00000473,CUST_00000518,Auto Loan,781381.01,69845.82,13.15,12,0.0675,0.533,0.258,781,1,0,0
LOAN_00000474,CUST_00000519,Home Loan,9445204.28,82147.11,8.53,240,2.6187,0.912,0.196,630,0,0,0
LOAN_00000475,CUST_00000522,Personal Loan,675197.11,19131.82,15.99,48,0.9857,0.739,0.227,652,0,0,0
LOAN_00000476,CUST_00000523,Home Loan,4791832.5,43298.44,9.06,240,1.1991,0.94,0.304,635,0,0,0
LOAN_00000477,CUST_00000523,Business Loan,1332654.23,45108.07,13.32,36,2.4482,0.922,0.304,635,0,0,0
LOAN_00000478,CUST_00000524,Personal Loan,170482.82,5765.61,13.26,36,0.2489,0.9,0.248,616,0,0,0
LOAN_00000479,CUST_00000525,Auto Loan,1756634.82,155918.78,11.81,12,3.4857,0.905,0.225,652,0,0,0
LOAN_00000480,CUST_00000526,Business Loan,852993.99,14466.67,10.69,84,0.9346,0.805,0.286,596,0,0,0
LOAN_00000481,CUST_00000528,Two Wheeler Loan,1214585.44,108375.22,12.81,12,3.1199,0.89,0.267,644,0,0,0
LOAN_00000482,CUST_00000528,Two Wheeler Loan,626431.57,56027.6,13.26,12,4.7328,0.849,0.267,644,0,0,0
LOAN_00000483,CUST_00000528,Gold Loan,141925.68,4811.48,13.43,36,4.8713,0.93,0.267,644,0,0,0
LOAN_00000484,CUST_00000529,Auto Loan,823808.51,17390.22,9.72,60,0.8689,0.868,0.197,635,0,0,0
LOAN_00000485,CUST_00000530,Personal Loan,829463.21,40304.64,15.22,24,0.2661,0.713,0.3,710,1,0,0
LOAN_00000486,CUST_00000531,Two Wheeler Loan,1237269.69,21289.3,11.16,84,0.5726,0.444,0.26,624,0,0,0
LOAN_00000487,CUST_00000532,Auto Loan,451192.96,14503.71,9.74,36,0.7358,0.833,0.273,635,0,0,0
LOAN_00000488,CUST_00000533,Personal Loan,469742.02,10506.21,12.24,60,0.2593,0.912,0.229,678,1,0,0
LOAN_00000489,CUST_00000534,Home Loan,4753664.85,40840.81,9.29,300,1.2044,0.815,0.275,639,0,0,0
LOAN_00000490,CUST_00000535,Auto Loan,1768263.67,39093.21,11.73,60,1.0784,0.522,0.205,656,0,0,0
LOAN_00000491,CUST_00000536,Two Wheeler Loan,663563.72,10950.91,9.81,84,0.0047,0.963,0.358,753,1,0,0
LOAN_00000492,CUST_00000536,Auto Loan,1903063.27,40500.05,10.07,60,0.0222,0.892,0.358,753,1,0,0
LOAN_00000493,CUST_00000536,Auto Loan,880498.74,78008.99,11.46,12,0.056,0.793,0.358,753,1,0,0
LOAN_00000494,CUST_00000537,Personal Loan,142117.39,12647.58,12.31,12,0.4347,0.769,0.328,636,0,0,0
LOAN_00000495,CUST_00000538,Personal Loan,316570.77,15060.76,13.07,24,0.3835,0.883,0.186,686,1,0,0
LOAN_00000496,CUST_00000538,Home Loan,9814875.68,96306.08,8.44,180,2.8359,0.642,0.186,686,0,0,0
LOAN_00000497,CUST_00000539,Two Wheeler Loan,1627914.57,145377.98,12.97,12,9.1438,0.848,0.21,630,0,0,0
LOAN_00000498,CUST_00000540,Home Loan,5916699.24,61783.63,9.5,180,1.2681,0.917,0.254,627,0,0,0
LOAN_00000499,CUST_00000542,Business Loan,1823379.72,163261.65,13.47,12,6.8508,0.741,0.244,620,0,0,0
LOAN_00000500,CUST_00000542,Home Loan,4541395.62,45980.85,8.97,180,8.7803,0.726,0.244,620,0,0,0
LOAN_00000501,CUST_00000542,Auto Loan,499203.67,44463.48,12.47,12,10.6461,0.513,0.244,620,0,0,0
LOAN_00000502,CUST_00000544,Auto Loan,1612862.86,28852.34,12.44,84,0.1353,0.896,0.474,713,1,0,0
LOAN_00000503,CUST_00000545,Home Loan,3949568.47,31034.88,8.21,300,0.7484,0.665,0.289,654,0,0,0
LOAN_00000504,CUST_00000546,Business Loan,431377.61,38204.39,11.39,12,0.087,0.602,0.303,748,1,0,0
LOAN_00000505,CUST_00000547,Personal Loan,71436.29,2489.68,15.38,36,0.0908,0.875,0.233,630,1,0,0
LOAN_00000506,CUST_00000547,Two Wheeler Loan,1834778.79,40619.2,11.79,60,1.5724,0.92,0.233,630,0,0,0
LOAN_00000507,CUST_00000549,Auto Loan,910349.52,16050.69,11.96,84,0.4451,0.93,0.451,613,0,0,0
LOAN_00000508,CUST_00000550,Two Wheeler Loan,126338.06,4202.27,12.1,36,0.0517,0.819,0.284,642,1,0,0
LOAN_00000509,CUST_00000551,Business Loan,1994203.89,66598.63,12.38,36,0.5082,0.818,0.229,695,1,0,0
LOAN_00000510,CUST_00000553,Home Loan,7236592.23,89762.1,8.51,120,2.8326,0.878,0.237,647,0,0,0
LOAN_00000511,CUST_00000553,Personal Loan,977732.97,22958.5,14.41,60,3.557,0.748,0.237,647,0,0,0
LOAN_00000512,CUST_00000554,Gold Loan,847755.14,27362.63,10.02,36,0.1399,0.672,0.271,723,1,0,0
LOAN_00000513,CUST_00000556,Auto Loan,1515908.01,49220.69,10.43,36,0.5347,0.936,0.198,689,1,0,0
LOAN_00000514,CUST_00000557,Two Wheeler Loan,1804291.05,161052.8,12.88,12,0.3638,0.773,0.287,738,1,0,0
LOAN_00000515,CUST_00000558,Personal Loan,286112.83,9630.63,12.93,36,0.224,0.866,0.363,604,0,0,0
LOAN_00000516,CUST_00000559,Two Wheeler Loan,378720.72,8474.28,12.26,60,0.0156,0.937,0.344,757,1,0,0
LOAN_00000517,CUST_00000559,Home Loan,2519600.0,20475.61,8.61,300,0.0533,0.873,0.344,757,1,0,0
LOAN_00000518,CUST_00000560,Business Loan,694547.14,12608.76,12.93,84,0.3022,0.692,0.283,620,1,0,0
LOAN_00000519,CUST_00000560,Business Loan,420831.08,8881.49,9.71,60,0.515,0.711,0.283,620,0,0,0
LOAN_00000520,CUST_00000562,Home Loan,3108164.24,26382.23,9.14,300,0.5946,0.892,0.26,658,0,0,0
LOAN_00000521,CUST_00000562,Two Wheeler Loan,1447838.76,30705.33,9.92,60,1.2866,0.793,0.26,658,0,0,0
LOAN_00000522,CUST_00000563,Two Wheeler Loan,313921.89,5396.59,11.13,84,0.0404,0.739,0.252,740,1,0,0
LOAN_00000523,CUST_00000563,Business Loan,666717.66,11984.39,12.6,84,0.13,0.831,0.252,740,1,0,0
LOAN_00000524,CUST_00000565,Home Loan,8979274.33,113066.43,8.86,120,5.8538,0.824,0.244,615,0,0,0
LOAN_00000525,CUST_00000566,Home Loan,5088633.99,46506.22,9.22,240,0.1602,0.728,0.503,707,0,0,0
LOAN_00000526,CUST_00000567,Personal Loan,764508.62,26058.6,13.81,36,0.8108,0.771,0.217,661,0,0,0
LOAN_00000527,CUST_00000570,Personal Loan,50215.69,4547.09,15.62,12,0.0028,0.876,0.371,714,1,1,0
LOAN_00000528,CUST_00000571,Home Loan,2512695.71,31653.25,8.87,120,0.7366,0.655,0.307,619,0,0,0
LOAN_00000529,CUST_00000571,Personal Loan,83810.72,2945.3,15.97,36,0.8052,0.698,0.307,619,0,0,0
LOAN_00000530,CUST_00000573,Auto Loan,1066898.73,95267.46,12.95,12,0.0742,0.731,0.239,782,1,0,0
LOAN_00000531,CUST_00000574,Personal Loan,561475.23,27480.84,15.96,24,0.0332,0.762,0.26,788,1,1,1
LOAN_00000532,CUST_00000574,Personal Loan,827925.81,22219.4,13.02,48,0.06,0.863,0.26,788,1,0,0
LOAN_00000533,CUST_00000575,Personal Loan,446525.04,12023.52,13.2,48,0.3421,0.748,0.244,646,1,1,0
LOAN_00000534,CUST_00000581,Personal Loan,653161.33,30764.88,12.06,24,0.7459,0.83,0.218,651,0,0,0
LOAN_00000535,CUST_00000581,Gold Loan,569226.22,10336.78,12.94,84,0.9965,0.697,0.218,651,0,0,0
LOAN_00000536,CUST_00000582,Two Wheeler Loan,1787563.56,29953.49,10.3,84,0.87,0.896,0.24,660,0,0,0
LOAN_00000537,CUST_00000582,Home Loan,2858977.99,36371.23,9.1,120,1.9264,0.675,0.24,660,0,0,0
LOAN_00000538,CUST_00000583,Auto Loan,395969.2,8746.21,11.69,60,0.3889,0.845,0.251,638,1,0,0
LOAN_00000539,CUST_00000584,Gold Loan,769421.4,16223.28,9.67,60,0.3777,0.548,0.235,658,1,0,0
LOAN_00000540,CUST_00000584,Personal Loan,982194.7,33198.2,13.22,36,1.1506,0.629,0.235,658,0,0,0
LOAN_00000541,CUST_00000584,Personal Loan,941160.93,85227.64,15.63,12,3.1348,0.488,0.235,658,0,0,0
LOAN_00000542,CUST_00000587,Home Loan,2762307.64,24817.68,8.98,240,0.5976,0.919,0.219,642,0,0,0
LOAN_00000543,CUST_00000590,Auto Loan,1422551.74,24320.17,10.95,84,0.2867,0.799,0.211,713,1,0,0
LOAN_00000544,CUST_00000592,Personal Loan,699676.62,18291.48,11.61,48,0.9722,0.745,0.279,617,0,0,0
LOAN_00000545,CUST_00000592,Personal Loan,417466.88,9256.81,11.86,60,1.4641,0.855,0.279,617,0,0,0
LOAN_00000546,CUST_00000594,Personal Loan,342295.14,9642.99,15.67,48,0.2565,0.74,0.308,605,0,0,0
LOAN_00000547,CUST_00000595,Home Loan,3161393.0,27275.44,8.42,240,0.0668,0.951,0.25,748,1,0,0
LOAN_00000548,CUST_00000596,Two Wheeler Loan,1235115.56,28115.32,13.02,60,0.7086,0.72,0.217,647,0,0,0
LOAN_00000549,CUST_00000596,Two Wheeler Loan,1846495.26,163368.62,11.2,12,4.8261,0.67,0.217,647,0,0,0
LOAN_00000550,CUST_00000596,Home Loan,9231162.02,77088.65,8.94,300,6.7691,0.885,0.217,647,0,0,0
LOAN_00000551,CUST_00000597,Home Loan,8248448.63,106371.96,9.42,120,0.8768,0.772,0.234,739,0,0,0
LOAN_00000552,CUST_00000597,Home Loan,1935739.4,15875.12,8.72,300,1.0076,0.639,0.234,739,0,0,0
LOAN_00000553,CUST_00000598,Personal Loan,761900.96,68394.55,13.96,12,0.54,0.637,0.171,752,1,0,0
LOAN_00000554,CUST_00000599,Two Wheeler Loan,1918556.18,41915.27,11.21,60,0.2782,0.73,0.246,731,1,0,0
LOAN_00000555,CUST_00000599,Home Loan,2549323.86,20476.33,8.47,300,0.4141,0.769,0.246,731,1,0,0
LOAN_00000556,CUST_00000599,Personal Loan,741710.62,20342.83,14.2,48,0.5492,0.945,0.246,731,1,1,0
LOAN_00000557,CUST_00000602,Auto Loan,847907.49,75093.81,11.39,12,2.7768,0.751,0.279,654,0,0,0
LOAN_00000558,CUST_00000602,Two Wheeler Loan,1710340.5,55372.75,10.23,36,4.8244,0.704,0.279,654,0,0,0
LOAN_00000559,CUST_00000603,Personal Loan,251158.57,5547.62,11.69,60,0.0033,0.571,0.174,779,1,0,0
LOAN_00000560,CUST_00000604,Two Wheeler Loan,1867313.89,41170.29,11.61,60,0.9419,0.853,0.233,635,0,0,0
LOAN_00000561,CUST_00000604,Auto Loan,1241108.07,20713.04,10.17,84,1.4158,0.699,0.233,635,0,0,0
LOAN_00000562,CUST_00000604,Business Loan,1548202.91,27222.5,11.87,84,2.0386,0.659,0.233,635,0,0,0
LOAN_00000563,CUST_00000605,Home Loan,4342761.48,54730.63,8.88,120,1.5262,0.913,0.212,640,0,0,0
LOAN_00000564,CUST_00000606,Auto Loan,931661.97,30329.64,10.61,36,1.3369,0.765,0.273,638,0,0,0
LOAN_00000565,CUST_00000607,Personal Loan,750275.79,35202.57,11.67,24,2.0271,0.707,0.221,663,0,0,0
LOAN_00000566,CUST_00000608,Two Wheeler Loan,1021534.18,89733.08,9.84,12,3.1912,0.463,0.229,640,0,0,0
LOAN_00000567,CUST_00000609,Home Loan,2136614.66,16974.84,8.34,300,0.7842,0.895,0.226,644,0,0,0
LOAN_00000568,CUST_00000610,Personal Loan,597967.52,28159.58,12.04,24,0.8582,0.585,0.273,620,0,0,0
LOAN_00000569,CUST_00000610,Home Loan,1839341.53,23081.57,8.78,120,1.5617,0.963,0.273,620,0,0,0
LOAN_00000570,CUST_00000612,Personal Loan,778266.15,70557.52,15.85,12,0.6928,0.812,0.365,653,0,0,0
LOAN_00000571,CUST_00000614,Home Loan,5597147.39,57404.36,9.19,180,2.0363,0.799,0.242,663,0,0,0
LOAN_00000572,CUST_00000615,Business Loan,1259689.71,27824.17,11.69,60,1.0947,0.657,0.188,655,0,0,0
LOAN_00000573,CUST_00000616,Personal Loan,65226.75,2288.03,15.84,36,0.131,0.865,0.164,667,1,0,0
LOAN_00000574,CUST_00000617,Personal Loan,602635.45,16756.53,14.95,48,0.047,0.771,0.336,747,1,0,0
LOAN_00000575,CUST_00000621,Two Wheeler Loan,1385156.9,45151.73,10.7,36,0.932,0.861,0.222,668,0,0,0
LOAN_00000576,CUST_00000621,Auto Loan,176634.32,3005.87,10.8,84,0.994,0.907,0.222,668,0,0,0
LOAN_00000577,CUST_00000622,Home Loan,6306035.49,61104.05,8.23,180,1.4645,0.596,0.206,660,0,0,0
LOAN_00000578,CUST_00000622,Personal Loan,561444.95,15799.59,15.61,48,1.8432,0.809,0.206,660,0,0,0
LOAN_00000579,CUST_00000623,Business Loan,1385572.74,45329.07,10.95,36,2.254,0.905,0.227,635,0,0,0
LOAN_00000580,CUST_00000623,Two Wheeler Loan,1865866.62,164317.14,10.32,12,10.4246,0.726,0.227,635,0,0,0
LOAN_00000581,CUST_00000626,Auto Loan,1463584.7,26952.8,13.41,84,0.9735,0.839,0.261,632,0,0,0
LOAN_00000582,CUST_00000626,Personal Loan,950301.87,31781.93,12.48,36,2.1213,0.914,0.261,632,0,0,0
LOAN_00000583,CUST_00000626,Home Loan,7810144.47,67778.25,8.5,240,4.5693,0.889,0.261,632,0,0,0
LOAN_00000584,CUST_00000627,Home Loan,1987830.67,17833.92,8.96,240,0.1758,0.579,0.251,693,1,0,0
LOAN_00000585,CUST_00000628,Home Loan,5789416.95,49184.38,8.21,240,1.7235,0.761,0.193,668,0,0,0
LOAN_00000586,CUST_00000629,Home Loan,5766535.94,49901.85,9.38,300,2.5838,0.63,0.313,627,0,0,0
LOAN_00000587,CUST_00000629,Home Loan,5538421.1,55190.26,8.7,180,5.4413,0.876,0.313,627,0,0,0
LOAN_00000588,CUST_00000629,Home Loan,2084408.2,17363.99,8.91,300,6.3404,0.843,0.313,627,0,0,0
LOAN_00000589,CUST_00000630,Personal Loan,973253.04,26502.91,13.81,48,0.2008,0.675,0.179,761,1,0,0
LOAN_00000590,CUST_00000633,Home Loan,3433593.63,29623.9,8.42,240,0.6089,0.816,0.166,666,0,0,0
LOAN_00000591,CUST_00000633,Home Loan,3022893.31,26117.33,9.36,300,1.1457,0.92,0.166,666,0,0,0
LOAN_00000592,CUST_00000636,Personal Loan,494334.59,16950.46,14.23,36,0.1637,0.867,0.278,716,1,0,0
LOAN_00000593,CUST_00000636,Home Loan,9043108.55,93667.93,9.36,180,1.0683,0.776,0.278,716,0,0,0
LOAN_00000594,CUST_00000637,Home Loan,3868901.69,40283.38,9.45,180,0.3291,0.958,0.327,706,1,0,0
LOAN_00000595,CUST_00000638,Personal Loan,599614.73,15751.91,11.87,48,0.1223,0.778,0.282,735,1,0,0
LOAN_00000596,CUST_00000638,Personal Loan,338058.79,16528.19,15.85,24,0.2507,0.974,0.282,735,1,0,0
LOAN_00000597,CUST_00000638,Business Loan,273518.9,4561.96,10.15,84,0.2861,0.731,0.282,735,1,0,0
LOAN_00000598,CUST_00000639,Two Wheeler Loan,1991300.87,42948.94,10.65,60,0.8729,0.664,0.164,643,0,0,0
LOAN_00000599,CUST_00000640,Business Loan,1046832.75,18429.11,11.91,84,0.454,0.951,0.233,675,0,0,0
LOAN_00000600,CUST_00000640,Gold Loan,1261549.15,21587.53,10.98,84,0.9858,0.684,0.233,675,0,0,0
LOAN_00000601,CUST_00000640,Home Loan,8145128.52,67407.93,8.83,300,2.6463,0.649,0.233,675,0,0,0
LOAN_00000602,CUST_00000643,Personal Loan,58632.68,2826.77,14.42,24,0.0217,0.707,0.229,755,1,0,0
LOAN_00000603,CUST_00000644,Personal Loan,485005.28,43383.09,13.28,12,0.2891,0.716,0.248,743,1,0,0
LOAN_00000604,CUST_00000646,Auto Loan,619601.58,13924.01,12.45,60,0.3804,0.798,0.278,626,1,0,0
LOAN_00000605,CUST_00000647,Personal Loan,232645.02,6228.59,12.89,48,0.1692,0.919,0.274,620,1,0,0
LOAN_00000606,CUST_00000649,Two Wheeler Loan,1253916.39,20719.44,9.85,84,0.4348,0.578,0.232,639,0,0,0
LOAN_00000607,CUST_00000651,Personal Loan,851622.22,40716.05,13.57,24,1.1156,0.576,0.221,621,0,0,0
LOAN_00000608,CUST_00000651,Personal Loan,325241.58,8656.16,12.57,48,1.3528,0.417,0.221,621,0,0,0
LOAN_00000609,CUST_00000652,Home Loan,9799880.5,101978.27,9.44,180,4.6729,0.894,0.226,657,0,0,0
LOAN_00000610,CUST_00000653,Business Loan,1705241.76,29144.13,10.94,84,1.73,0.793,0.242,619,0,0,0
LOAN_00000611,CUST_00000653,Personal Loan,438723.46,14778.1,12.98,36,2.6073,0.878,0.242,619,0,0,0
LOAN_00000612,CUST_00000655,Two Wheeler Loan,1416548.44,26117.61,13.45,84,0.9382,0.736,0.216,636,0,0,0
LOAN_00000613,CUST_00000657,Auto Loan,621865.15,55077.57,11.4,12,0.2338,0.786,0.336,762,1,0,0
LOAN_00000614,CUST_00000657,Home Loan,1934906.8,16791.57,8.5,240,0.305,0.908,0.336,762,1,0,0
LOAN_00000615,CUST_00000659,Personal Loan,931358.45,22352.98,15.4,60,0.5745,0.729,0.233,673,0,0,0
LOAN_00000616,CUST_00000660,Personal Loan,661712.56,23019.58,15.25,36,0.1563,0.853,0.231,745,1,0,0
LOAN_00000617,CUST_00000660,Auto Loan,254749.7,4394.15,11.24,84,0.1861,0.957,0.231,745,1,0,0
LOAN_00000618,CUST_00000664,Home Loan,5471718.47,67374.15,8.34,120,1.9908,0.789,0.26,653,0,0,0
LOAN_00000619,CUST_00000664,Personal Loan,156777.18,3465.28,11.72,60,2.0932,0.856,0.26,653,0,0,0
LOAN_00000620,CUST_00000665,Auto Loan,1686450.19,56288.54,12.34,36,0.0896,0.874,0.299,735,1,0,0
LOAN_00000621,CUST_00000665,Gold Loan,600747.81,12948.15,10.62,60,0.1102,0.767,0.299,735,1,0,0
LOAN_00000622,CUST_00000665,Personal Loan,830747.36,40047.67,14.41,24,0.1739,0.789,0.299,735,1,0,0
LOAN_00000623,CUST_00000666,Personal Loan,394178.82,35618.85,15.22,12,0.108,0.832,0.251,790,1,0,0
LOAN_00000624,CUST_00000667,Auto Loan,692140.54,61366.41,11.6,12,0.0206,0.805,0.297,758,1,0,0
LOAN_00000625,CUST_00000667,Auto Loan,1358241.1,120906.94,12.36,12,0.0612,0.894,0.297,758,1,0,0
LOAN_00000626,CUST_00000668,Business Loan,1792581.08,58941.8,11.3,36,1.2236,0.744,0.231,653,0,0,0
LOAN_00000627,CUST_00000670,Two Wheeler Loan,1766528.89,37943.35,10.47,60,1.0714,0.791,0.258,665,0,0,0
LOAN_00000628,CUST_00000671,Personal Loan,768814.22,69073.03,14.12,12,2.1148,0.902,0.238,613,0,0,0
LOAN_00000629,CUST_00000672,Two Wheeler Loan,133246.61,11695.91,9.7,12,0.3591,0.838,0.254,641,1,0,0
LOAN_00000630,CUST_00000675,Auto Loan,1203436.4,27056.48,12.47,60,1.0745,0.903,0.195,644,0,0,0
LOAN_00000631,CUST_00000677,Business Loan,1929191.91,34065.83,12.01,84,1.6015,0.431,0.526,570,0,0,0
LOAN_00000632,CUST_00000678,Two Wheeler Loan,206806.42,6917.43,12.49,36,0.172,0.77,0.178,644,1,0,0
LOAN_00000633,CUST_00000680,Personal Loan,726609.19,19238.03,12.29,48,0.5701,0.55,0.293,638,0,0,0
LOAN_00000634,CUST_00000682,Home Loan,9250173.46,90494.66,8.39,180,3.6541,0.867,0.246,648,0,0,0
LOAN_00000635,CUST_00000682,Auto Loan,1534172.17,50038.14,10.74,36,5.6746,0.737,0.246,648,0,0,0
LOAN_00000636,CUST_00000684,Auto Loan,579413.21,51795.11,13.16,12,0.1257,0.706,0.411,714,1,0,0
LOAN_00000637,CUST_00000685,Business Loan,1385958.08,23520.18,10.71,84,0.4837,0.877,0.236,667,0,0,0
LOAN_00000638,CUST_00000687,Two Wheeler Loan,368628.75,11898.07,10.02,36,0.3295,0.843,0.261,650,1,0,0
LOAN_00000639,CUST_00000688,Auto Loan,1294594.63,42114.12,10.56,36,1.0021,0.751,0.275,641,0,0,0
LOAN_00000640,CUST_00000689,Gold Loan,410870.79,7312.45,12.27,84,0.0536,0.912,0.224,718,1,0,0
LOAN_00000641,CUST_00000689,Two Wheeler Loan,1829372.64,39802.37,11.03,60,0.3452,0.969,0.224,718,1,0,0
LOAN_00000642,CUST_00000690,Business Loan,432084.44,9831.25,13.0,60,0.2608,0.647,0.292,636,1,0,0
LOAN_00000643,CUST_00000690,Auto Loan,1470003.86,129599.33,10.53,12,3.6994,0.806,0.292,636,0,0,0
LOAN_00000644,CUST_00000690,Personal Loan,831853.4,22135.31,12.56,48,4.2867,0.553,0.292,636,0,0,0
LOAN_00000645,CUST_00000692,Personal Loan,828693.15,20152.21,16.0,60,0.2327,0.523,0.271,699,1,0,0
LOAN_00000646,CUST_00000692,Home Loan,8258437.4,80744.24,8.38,180,1.1651,0.797,0.271,699,0,0,0
LOAN_00000647,CUST_00000693,Home Loan,2251374.22,18341.57,8.64,300,0.6991,0.913,0.169,638,0,0,0
LOAN_00000648,CUST_00000693,Gold Loan,1659613.12,35778.53,10.63,60,2.0629,0.818,0.169,638,0,0,0
LOAN_00000649,CUST_00000694,Home Loan,7522960.14,68413.46,9.15,240,2.4994,0.63,0.247,649,0,0,0
LOAN_00000650,CUST_00000694,Home Loan,6045795.46,52821.91,9.5,300,4.4292,0.735,0.247,649,0,0,0
LOAN_00000651,CUST_00000695,Business Loan,880790.85,19557.12,11.92,60,0.6399,0.945,0.216,668,0,0,0
LOAN_00000652,CUST_00000697,Personal Loan,250931.41,8675.29,14.81,36,0.0729,0.921,0.191,723,1,0,0
LOAN_00000653,CUST_00000697,Business Loan,872870.12,29221.61,12.55,36,0.3183,0.922,0.191,723,1,1,1
LOAN_00000654,CUST_00000698,Home Loan,7723863.25,62194.64,8.5,300,1.8256,0.969,0.202,648,0,0,0
LOAN_00000655,CUST_00000699,Two Wheeler Loan,889692.79,28929.78,10.53,36,1.0394,0.885,0.225,624,0,0,0
LOAN_00000656,CUST_00000701,Home Loan,9962984.0,88489.45,8.82,240,3.4101,0.816,0.237,633,0,0,0
LOAN_00000657,CUST_00000702,Two Wheeler Loan,1213847.45,26677.39,11.47,60,0.279,0.955,0.24,728,1,0,0
LOAN_00000658,CUST_00000703,Home Loan,6868127.22,61397.34,8.91,240,1.6081,0.88,0.248,665,0,0,0
LOAN_00000659,CUST_00000703,Home Loan,8112872.26,100544.62,8.49,120,4.2414,0.685,0.248,665,0,0,0
LOAN_00000660,CUST_00000703,Home Loan,5896813.44,46730.11,8.31,300,5.4653,0.922,0.248,665,0,0,0
LOAN_00000661,CUST_00000705,Personal Loan,665628.8,59327.31,12.6,12,1.8413,0.776,0.217,638,0,0,0
LOAN_00000662,CUST_00000705,Business Loan,249390.75,22020.63,10.82,12,2.5248,0.762,0.217,638,0,0,0
LOAN_00000663,CUST_00000705,Personal Loan,317220.34,7274.7,13.35,60,2.7505,0.865,0.217,638,0,0,0
LOAN_00000664,CUST_00000707,Two Wheeler Loan,378555.77,6311.89,10.14,84,0.1682,0.868,0.217,678,1,0,0
LOAN_00000665,CUST_00000708,Two Wheeler Loan,1640776.87,53794.66,11.1,36,3.0136,0.623,0.227,631,0,0,0
LOAN_00000666,CUST_00000709,Business Loan,266091.93,6088.52,13.25,60,0.0817,0.846,0.341,663,0,0,0
LOAN_00000667,CUST_00000709,Business Loan,649385.64,21977.46,13.31,36,0.3767,0.819,0.341,663,0,0,0
LOAN_00000668,CUST_00000710,Personal Loan,962348.44,45166.38,11.7,24,0.9953,0.703,0.239,670,0,0,0
LOAN_00000669,CUST_00000711,Two Wheeler Loan,125234.29,2764.93,11.67,60,0.1147,0.877,0.298,638,1,0,0
LOAN_00000670,CUST_00000712,Home Loan,2769743.91,28158.53,9.04,180,0.6909,0.763,0.234,664,0,0,0
LOAN_00000671,CUST_00000712,Gold Loan,1084894.38,95273.52,9.79,12,3.0285,0.767,0.234,664,0,0,0
LOAN_00000672,CUST_00000713,Home Loan,5367133.48,68512.52,9.18,120,0.3178,0.471,0.212,792,1,0,0
LOAN_00000673,CUST_00000713,Business Loan,1726691.88,36602.2,9.9,60,0.4875,0.841,0.212,792,1,0,0
LOAN_00000674,CUST_00000713,Personal Loan,641980.96,17254.62,13.1,48,0.5676,0.683,0.212,792,0,0,0
LOAN_00000675,CUST_00000714,Business Loan,340923.42,7751.82,12.97,60,0.0528,0.733,0.25,718,1,0,0
LOAN_00000676,CUST_00000715,Personal Loan,530832.86,25781.2,15.17,24,0.9314,0.622,0.296,652,0,0,0
LOAN_00000677,CUST_00000715,Home Loan,8709726.59,109578.36,8.84,120,4.8901,0.641,0.296,652,0,0,0
LOAN_00000678,CUST_00000716,Personal Loan,517331.62,17701.28,14.08,36,0.0292,0.806,0.326,742,1,0,0
LOAN_00000679,CUST_00000718,Personal Loan,210416.32,5704.65,13.57,48,0.1588,0.875,0.273,664,1,0,0
LOAN_00000680,CUST_00000718,Home Loan,5302073.43,55237.66,9.46,180,1.6967,0.89,0.273,664,0,0,0
LOAN_00000681,CUST_00000718,Two Wheeler Loan,491377.55,16400.68,12.34,36,2.1533,0.528,0.273,664,0,0,0
LOAN_00000682,CUST_00000719,Personal Loan,754895.62,16693.22,11.74,60,0.1925,0.729,0.214,696,1,0,0
LOAN_00000683,CUST_00000721,Personal Loan,219593.8,5077.74,13.72,60,0.279,0.792,0.218,644,1,0,0
LOAN_00000684,CUST_00000721,Personal Loan,717278.79,16865.11,14.47,60,1.2058,0.705,0.218,644,0,0,0
LOAN_00000685,CUST_00000724,Two Wheeler Loan,1594773.73,52619.61,11.54,36,2.3696,0.781,0.33,606,0,0,0
LOAN_00000686,CUST_00000724,Two Wheeler Loan,1125357.4,23805.45,9.81,60,3.4417,0.775,0.33,606,0,0,0
LOAN_00000687,CUST_00000724,Auto Loan,1623469.21,28114.59,11.37,84,4.7077,0.817,0.33,606,0,0,0
LOAN_00000688,CUST_00000725,Auto Loan,1897755.1,42042.1,11.82,60,0.0703,0.723,0.351,736,1,0,0
LOAN_00000689,CUST_00000729,Personal Loan,514503.38,13887.26,13.33,48,0.6779,0.835,0.22,627,0,0,0
LOAN_00000690,CUST_00000730,Home Loan,5979564.81,60399.98,8.93,180,1.2216,0.844,0.25,625,0,0,0
LOAN_00000691,CUST_00000730,Personal Loan,160515.14,7849.35,15.87,24,1.3804,0.633,0.25,625,0,0,0
LOAN_00000692,CUST_00000733,Auto Loan,1587216.78,29090.75,13.25,84,0.679,0.881,0.206,670,0,0,0
LOAN_00000693,CUST_00000736,Home Loan,9320340.45,84157.47,9.05,240,2.1462,0.885,0.249,657,0,0,0
LOAN_00000694,CUST_00000737,Personal Loan,430921.81,11577.67,13.08,48,0.2735,0.732,0.198,645,1,0,0
LOAN_00000695,CUST_00000739,Two Wheeler Loan,461725.39,10032.12,10.97,60,0.2138,0.91,0.358,598,0,0,0
LOAN_00000696,CUST_00000739,Two Wheeler Loan,841453.24,74687.33,11.81,12,1.8053,0.937,0.358,598,0,0,0
LOAN_00000697,CUST_00000740,Auto Loan,1336376.33,30386.15,12.97,60,1.5107,0.597,0.255,643,0,0,0
LOAN_00000698,CUST_00000740,Auto Loan,416895.94,9419.64,12.69,60,1.9791,0.826,0.255,643,0,0,0
LOAN_00000699,CUST_00000743,Home Loan,6766452.04,57062.09,9.06,300,0.1879,0.791,0.196,793,1,0,0
LOAN_00000700,CUST_00000744,Two Wheeler Loan,1051665.55,24160.75,13.43,60,0.4896,0.646,0.2,678,0,0,0
LOAN_00000701,CUST_00000744,Business Loan,224689.57,19931.88,11.7,12,0.8935,0.877,0.2,678,0,0,0
LOAN_00000702,CUST_00000744,Two Wheeler Loan,470391.26,15806.33,12.81,36,1.2138,0.754,0.2,678,0,0,0
LOAN_00000703,CUST_00000745,Business Loan,921020.85,82423.04,13.37,12,4.8536,0.881,0.246,634,0,0,0
LOAN_00000704,CUST_00000747,Business Loan,765354.4,16197.57,9.83,60,0.3248,0.562,0.239,666,1,0,0
LOAN_00000705,CUST_00000747,Two Wheeler Loan,826490.33,27164.03,11.27,36,0.8695,0.687,0.239,666,0,0,0
LOAN_00000706,CUST_00000748,Home Loan,7201182.27,89477.04,8.55,120,2.4751,0.562,0.21,671,0,0,0
LOAN_00000707,CUST_00000749,Personal Loan,637197.82,17345.32,13.79,48,0.7742,0.887,0.546,581,0,0,0
LOAN_00000708,CUST_00000750,Home Loan,5466806.82,46649.43,8.27,240,0.2598,0.744,0.28,760,1,0,0
LOAN_00000709,CUST_00000750,Two Wheeler Loan,419649.5,7023.18,10.26,84,0.2989,0.947,0.28,760,1,0,0
LOAN_00000710,CUST_00000750,Two Wheeler Loan,893646.28,78478.45,9.79,12,0.7359,0.731,0.28,760,0,0,0
LOAN_00000711,CUST_00000752,Personal Loan,590768.7,53500.36,15.64,12,0.3869,0.556,0.276,689,1,0,0
LOAN_00000712,CUST_00000753,Personal Loan,496314.11,16854.57,13.55,36,0.1121,0.465,0.248,715,1,0,0
LOAN_00000713,CUST_00000754,Personal Loan,938746.87,84995.72,15.6,12,2.6556,0.78,0.255,647,0,0,0
LOAN_00000714,CUST_00000755,Home Loan,1736648.94,17121.83,8.52,180,0.7879,0.938,0.27,611,0,0,0
LOAN_00000715,CUST_00000757,Personal Loan,442982.25,21453.48,14.88,24,0.2583,0.963,0.236,694,1,0,0
LOAN_00000716,CUST_00000758,Business Loan,486671.11,8850.86,12.99,84,0.1789,0.87,0.294,640,1,1,1
LOAN_00000717,CUST_00000759,Home Loan,3192833.63,26249.68,8.75,300,1.1127,0.861,0.454,586,0,0,0
LOAN_00000718,CUST_00000759,Gold Loan,984027.31,31627.2,9.73,36,2.4534,0.868,0.454,586,0,0,0
LOAN_00000719,CUST_00000760,Business Loan,1775107.16,157350.97,11.56,12,5.9195,0.645,0.296,624,0,0,0
LOAN_00000720,CUST_00000762,Personal Loan,69985.06,1655.77,14.75,60,0.0617,0.807,0.282,629,1,0,0
LOAN_00000721,CUST_00000764,Two Wheeler Loan,1994013.64,43573.78,11.22,60,0.905,0.971,0.219,657,0,0,0
LOAN_00000722,CUST_00000767,Business Loan,609289.66,13785.36,12.75,60,0.689,0.934,0.201,617,0,0,0
LOAN_00000723,CUST_00000768,Auto Loan,1665403.13,29479.13,12.09,84,0.8678,0.754,0.317,612,0,0,0
LOAN_00000724,CUST_00000768,Personal Loan,551768.84,14549.16,12.07,48,1.2961,0.511,0.317,612,0,0,0
LOAN_00000725,CUST_00000770,Gold Loan,828857.18,18104.15,11.2,60,0.0343,0.944,0.332,737,1,0,0
LOAN_00000726,CUST_00000771,Personal Loan,403244.95,13320.43,11.62,36,0.4308,0.904,0.193,639,0,0,0
LOAN_00000727,CUST_00000771,Home Loan,1584738.5,13562.75,8.31,240,0.8693,0.818,0.193,639,0,0,0
LOAN_00000728,CUST_00000771,Auto Loan,199432.43,17778.16,12.63,12,1.4443,0.801,0.193,639,0,0,0
LOAN_00000729,CUST_00000772,Two Wheeler Loan,1963446.23,41833.46,10.12,60,0.2345,0.809,0.306,710,1,0,0
LOAN_00000730,CUST_00000772,Gold Loan,147152.7,4946.82,12.84,36,0.2622,0.729,0.306,710,1,0,0
LOAN_00000731,CUST_00000776,Business Loan,973889.71,17155.38,11.93,84,0.3839,0.864,0.255,628,1,0,0
LOAN_00000732,CUST_00000777,Personal Loan,469962.9,22342.89,13.0,24,0.6935,0.665,0.286,613,0,0,0
LOAN_00000733,CUST_00000778,Home Loan,1949955.45,24891.57,9.18,120,0.5162,0.886,0.301,649,0,0,0
LOAN_00000734,CUST_00000779,Personal Loan,388384.25,13395.1,14.64,36,0.3904,0.895,0.27,613,0,0,0
LOAN_00000735,CUST_00000782,Personal Loan,721463.42,35201.12,15.64,24,0.8736,0.463,0.185,649,0,0,0
LOAN_00000736,CUST_00000782,Business Loan,1505170.17,48461.68,9.85,36,2.0763,0.77,0.185,649,0,0,0
LOAN_00000737,CUST_00000784,Home Loan,4064129.05,40498.97,8.7,180,0.8162,0.728,0.235,629,0,0,0
LOAN_00000738,CUST_00000784,Personal Loan,924718.63,21574.16,14.12,60,1.251,0.97,0.235,629,0,0,0
LOAN_00000739,CUST_00000785,Personal Loan,172611.87,8281.07,13.92,24,0.0493,0.784,0.243,742,1,0,0
LOAN_00000740,CUST_00000788,Personal Loan,402707.37,19289.51,13.76,24,0.5231,0.804,0.206,657,0,0,0
LOAN_00000741,CUST_00000789,Two Wheeler Loan,426188.57,38012.04,12.73,12,0.9267,0.464,0.169,693,0,0,0
LOAN_00000742,CUST_00000791,Home Loan,6934685.8,68858.88,8.64,180,1.8659,0.906,0.334,608,0,0,0
LOAN_00000743,CUST_00000792,Two Wheeler Loan,1039734.4,23699.75,13.08,60,0.906,0.698,0.466,569,0,0,0
LOAN_00000744,CUST_00000792,Auto Loan,1732063.04,55775.02,9.86,36,3.0382,0.897,0.466,569,0,0,0
LOAN_00000745,CUST_00000793,Personal Loan,354539.21,31518.63,12.11,12,0.3332,0.943,0.618,575,0,0,0
LOAN_00000746,CUST_00000794,Business Loan,1537899.52,135800.19,10.83,12,6.639,0.792,0.202,626,0,0,0
LOAN_00000747,CUST_00000797,Auto Loan,581082.21,19222.63,11.72,36,0.6849,0.907,0.145,657,0,0,0
LOAN_00000748,CUST_00000797,Personal Loan,709425.07,15627.05,11.57,60,1.2416,0.77,0.145,657,0,0,0
LOAN_00000749,CUST_00000798,Personal Loan,693185.92,62601.78,15.11,12,3.2524,0.468,0.353,610,0,0,0
LOAN_00000750,CUST_00000798,Two Wheeler Loan,659932.6,21849.93,11.78,36,4.3876,0.964,0.353,610,0,0,0
LOAN_00000751,CUST_00000799,Business Loan,1135658.48,100981.59,12.15,12,4.7842,0.764,0.24,626,0,0,0
LOAN_00000752,CUST_00000799,Two Wheeler Loan,1728355.15,56715.18,11.16,36,7.4711,0.939,0.24,626,0,0,0
LOAN_00000753,CUST_00000800,Personal Loan,836202.16,22607.91,13.42,48,0.1203,0.811,0.223,757,1,0,0
LOAN_00000754,CUST_00000800,Two Wheeler Loan,973302.23,85745.37,10.39,12,0.5764,0.881,0.223,757,0,0,0
LOAN_00000755,CUST_00000801,Personal Loan,276218.6,25024.97,15.72,12,0.1584,0.745,0.244,736,1,0,0
LOAN_00000756,CUST_00000801,Gold Loan,1390426.23,22939.29,9.8,84,0.3035,0.931,0.244,736,1,0,0
LOAN_00000757,CUST_00000801,Personal Loan,51356.93,1391.07,13.52,48,0.3123,0.881,0.244,736,1,0,0
LOAN_00000758,CUST_00000803,Business Loan,1952665.62,41902.72,10.43,60,0.0571,0.835,0.286,783,1,0,0
LOAN_00000759,CUST_00000803,Personal Loan,458339.69,10379.43,12.79,60,0.0713,0.743,0.286,783,1,0,0
LOAN_00000760,CUST_00000804,Home Loan,4185454.49,53359.94,9.15,120,0.2209,0.777,0.362,752,1,0,0
LOAN_00000761,CUST_00000805,Personal Loan,494017.97,11187.39,12.79,60,0.2546,0.912,0.292,639,1,1,1
LOAN_00000762,CUST_00000807,Home Loan,8297380.83,105827.54,9.16,120,1.0322,0.919,0.247,675,0,0,0
LOAN_00000763,CUST_00000810,Home Loan,2612489.68,22688.33,8.51,240,0.6193,0.645,0.254,663,0,0,0
LOAN_00000764,CUST_00000810,Home Loan,9789578.55,85259.18,9.46,300,2.9467,0.891,0.254,663,0,0,0
LOAN_00000765,CUST_00000811,Home Loan,9418127.46,115866.58,8.32,120,3.6978,0.872,0.261,647,0,0,0
LOAN_00000766,CUST_00000813,Business Loan,417205.34,6921.79,9.98,84,0.0614,0.902,0.205,678,1,0,0
LOAN_00000767,CUST_00000813,Personal Loan,934915.87,26299.87,15.59,48,0.2949,0.853,0.205,678,1,0,0
LOAN_00000768,CUST_00000813,Personal Loan,913555.31,25801.6,15.81,48,0.5239,0.976,0.205,678,0,0,0
LOAN_00000769,CUST_00000815,Gold Loan,1055837.94,92741.47,9.83,12,0.148,0.705,0.348,761,1,0,0
LOAN_00000770,CUST_00000817,Personal Loan,778871.72,20675.5,12.43,48,0.0622,0.676,0.235,778,1,0,0
LOAN_00000771,CUST_00000817,Home Loan,2769894.8,34878.33,8.86,120,0.167,0.818,0.235,778,1,0,0
LOAN_00000772,CUST_00000820,Personal Loan,239593.04,7920.21,11.67,36,0.2985,0.445,0.478,560,0,0,0
LOAN_00000773,CUST_00000821,Home Loan,9811756.39,96390.33,8.46,180,2.0909,0.868,0.195,673,0,0,0
LOAN_00000774,CUST_00000822,Auto Loan,882698.44,29843.74,13.24,36,0.2728,0.717,0.273,670,1,0,0
LOAN_00000775,CUST_00000822,Home Loan,7017808.7,63638.37,9.11,240,0.8544,0.789,0.273,670,0,0,0
LOAN_00000776,CUST_00000824,Home Loan,4196702.98,38300.32,9.2,240,1.0735,0.649,0.274,653,0,0,0
LOAN_00000777,CUST_00000824,Auto Loan,189232.4,3317.24,11.77,84,1.1665,0.811,0.274,653,0,0,0
LOAN_00000778,CUST_00000824,Personal Loan,765090.78,17655.9,13.63,60,1.6613,0.677,0.274,653,0,0,0
LOAN_00000779,CUST_00000825,Gold Loan,1109545.91,24179.59,11.1,60,1.2715,0.85,0.23,642,0,0,0
LOAN_00000780,CUST_00000826,Home Loan,7113992.63,58777.51,8.81,300,1.6402,0.906,0.445,598,0,0,0
LOAN_00000781,CUST_00000826,Home Loan,5206399.28,66432.43,9.17,120,3.4941,0.789,0.445,598,0,0,0
LOAN_00000782,CUST_00000827,Two Wheeler Loan,676095.57,59823.85,11.22,12,0.0264,0.727,0.255,792,1,0,0
LOAN_00000783,CUST_00000827,Auto Loan,1831996.09,59873.15,10.88,36,0.0528,0.724,0.255,792,1,0,0
LOAN_00000784,CUST_00000828,Personal Loan,279182.12,7412.39,12.44,48,0.3053,0.895,0.248,642,1,0,0
LOAN_00000785,CUST_00000829,Personal Loan,124609.43,3349.15,13.1,48,0.1917,0.695,0.226,635,1,0,0
LOAN_00000786,CUST_00000829,Auto Loan,1037349.02,21867.46,9.66,60,1.4435,0.918,0.226,635,0,0,0
LOAN_00000787,CUST_00000831,Auto Loan,946886.66,17143.47,12.84,84,0.466,0.539,0.177,658,0,0,0
LOAN_00000788,CUST_00000832,Home Loan,6991399.02,86309.87,8.4,120,0.614,0.347,0.271,717,0,0,0
LOAN_00000789,CUST_00000832,Personal Loan,512728.42,17887.1,15.45,36,0.7413,0.752,0.271,717,0,0,0
LOAN_00000790,CUST_00000834,Personal Loan,904631.86,31625.81,15.6,36,0.7309,0.602,0.254,651,0,0,0
LOAN_00000791,CUST_00000834,Personal Loan,620909.34,20519.43,11.65,36,1.2052,0.852,0.254,651,0,0,0
LOAN_00000792,CUST_00000835,Auto Loan,241414.0,7962.02,11.51,36,0.0469,0.51,0.256,748,1,0,0
LOAN_00000793,CUST_00000837,Home Loan,5615568.24,47279.56,9.04,300,0.4511,0.723,0.279,731,1,1,1
LOAN_00000794,CUST_00000837,Business Loan,1409630.71,123935.49,10.01,12,1.6337,0.758,0.279,731,0,0,0
LOAN_00000795,CUST_00000839,Personal Loan,241329.15,21875.45,15.82,12,0.6769,0.84,0.216,623,0,0,0
LOAN_00000796,CUST_00000839,Personal Loan,887411.53,79415.31,13.37,12,3.1341,0.815,0.216,623,0,0,0
LOAN_00000797,CUST_00000840,Business Loan,1628311.39,142972.75,9.76,12,4.0276,0.745,0.212,646,0,0,0
LOAN_00000798,CUST_00000841,Business Loan,879045.19,19301.62,11.43,60,0.0548,0.907,0.184,806,1,0,0
LOAN_00000799,CUST_00000842,Auto Loan,408148.41,36158.56,11.45,12,1.2676,0.656,0.203,633,0,0,0
LOAN_00000800,CUST_00000844,Personal Loan,785939.29,17758.06,12.69,60,0.4622,0.745,0.213,664,0,0,0
LOAN_00000801,CUST_00000844,Home Loan,6751412.15,61615.33,9.2,240,2.0659,0.757,0.213,664,0,0,0
LOAN_00000802,CUST_00000844,Home Loan,4172689.9,52767.58,8.96,120,3.4393,0.508,0.213,664,0,0,0
LOAN_00000803,CUST_00000845,Personal Loan,866760.42,29438.92,13.56,36,1.0351,0.722,0.291,635,0,0,0
LOAN_00000804,CUST_00000846,Two Wheeler Loan,283955.59,4921.94,11.4,84,0.1462,0.652,0.223,667,1,0,0
LOAN_00000805,CUST_00000847,Two Wheeler Loan,533390.72,47688.57,13.19,12,0.9981,0.435,0.463,613,0,0,0
LOAN_00000806,CUST_00000847,Auto Loan,1024169.57,22534.44,11.52,60,1.4697,0.875,0.463,613,0,0,0
LOAN_00000807,CUST_00000848,Business Loan,1899883.11,41289.12,10.98,60,0.5164,0.919,0.356,682,1,1,1
LOAN_00000808,CUST_00000848,Home Loan,4756897.98,43505.21,9.23,240,1.0606,0.728,0.356,682,0,0,0
LOAN_00000809,CUST_00000850,Auto Loan,1457934.4,49299.31,13.25,36,1.2871,0.814,0.224,632,0,0,0
LOAN_00000810,CUST_00000851,Business Loan,309033.67,5670.77,13.29,84,0.1367,0.793,0.275,627,1,0,0
LOAN_00000811,CUST_00000851,Personal Loan,499763.19,24056.5,14.26,24,0.7168,0.717,0.275,627,0,0,0
LOAN_00000812,CUST_00000851,Business Loan,327543.94,29045.22,11.63,12,1.4171,0.803,0.275,627,0,0,0
LOAN_00000813,CUST_00000852,Business Loan,604041.67,13780.94,13.12,60,0.0902,0.974,0.215,750,1,0,0
LOAN_00000814,CUST_00000852,Home Loan,3678485.19,45509.64,8.45,120,0.3879,0.912,0.215,750,1,0,0
LOAN_00000815,CUST_00000853,Auto Loan,144522.62,3158.15,11.22,60,0.1327,0.674,0.313,641,0,0,0
LOAN_00000816,CUST_00000853,Auto Loan,1183593.76,38030.29,9.71,36,1.7312,0.917,0.313,641,0,0,0
LOAN_00000817,CUST_00000853,Home Loan,3909811.12,33969.83,9.43,300,3.159,0.738,0.313,641,0,0,0
LOAN_00000818,CUST_00000854,Personal Loan,979352.19,21889.22,12.21,60,0.5323,0.625,0.309,646,0,0,0
LOAN_00000819,CUST_00000855,Personal Loan,893363.95,19728.23,11.68,60,0.4559,0.91,0.176,674,0,0,0
LOAN_00000820,CUST_00000856,Personal Loan,394454.05,8734.6,11.8,60,0.261,0.463,0.229,624,1,0,0
LOAN_00000821,CUST_00000857,Two Wheeler Loan,229219.44,4901.88,10.28,60,0.1795,0.915,0.218,664,1,0,0
LOAN_00000822,CUST_00000858,Business Loan,1085136.65,35479.75,10.91,36,0.8668,0.948,0.192,638,0,0,0
LOAN_00000823,CUST_00000858,Home Loan,7397838.41,65800.93,8.84,240,2.4744,0.633,0.192,638,0,0,0
LOAN_00000824,CUST_00000859,Business Loan,725710.43,15301.63,9.67,60,0.5978,0.931,0.225,662,0,0,0
LOAN_00000825,CUST_00000860,Business Loan,474501.47,10796.37,13.0,60,0.4669,0.517,0.268,630,0,0,0
LOAN_00000826,CUST_00000860,Home Loan,4672262.64,58782.43,8.84,120,3.0091,0.645,0.268,630,0,0,0
LOAN_00000827,CUST_00000860,Auto Loan,289042.83,9589.32,11.92,36,3.4238,0.442,0.268,630,0,0,0
LOAN_00000828,CUST_00000861,Personal Loan,987745.08,22998.47,14.03,60,0.9967,0.528,0.248,617,0,0,0
LOAN_00000829,CUST_00000863,Auto Loan,146924.87,2652.13,12.74,84,0.0556,0.597,0.166,684,1,0,0
LOAN_00000830,CUST_00000864,Personal Loan,112320.73,5425.27,14.61,24,0.0176,0.399,0.282,739,1,0,0
LOAN_00000831,CUST_00000865,Personal Loan,617260.79,55250.86,13.41,12,1.1106,0.725,0.244,671,0,0,0
LOAN_00000832,CUST_00000865,Home Loan,4090467.76,50584.78,8.44,120,2.1274,0.866,0.244,671,0,0,0
LOAN_00000833,CUST_00000865,Home Loan,5034085.81,50491.63,8.81,180,3.1423,0.781,0.244,671,0,0,0
LOAN_00000834,CUST_00000866,Personal Loan,487097.5,12915.81,12.37,48,0.2916,0.761,0.265,643,1,1,1
LOAN_00000835,CUST_00000869,Personal Loan,722550.44,24698.57,14.01,36,0.9006,0.946,0.275,636,0,0,0
LOAN_00000836,CUST_00000870,Personal Loan,623804.75,21752.92,15.42,36,0.1225,0.767,0.337,719,1,0,0
LOAN_00000837,CUST_00000871,Home Loan,4674279.02,41158.1,8.7,240,0.8459,0.703,0.216,648,0,0,0
LOAN_00000838,CUST_00000871,Two Wheeler Loan,172891.34,15440.56,12.98,12,1.1632,0.496,0.216,648,0,0,0
LOAN_00000839,CUST_00000873,Home Loan,4415215.42,43168.36,8.38,180,2.7943,0.721,0.225,621,0,0,0
LOAN_00000840,CUST_00000873,Two Wheeler Loan,307776.22,10089.32,11.09,36,3.4474,0.648,0.225,621,0,0,0
LOAN_00000841,CUST_00000875,Personal Loan,685315.59,15924.79,13.94,60,0.7086,0.732,0.244,663,0,0,0
LOAN_00000842,CUST_00000875,Personal Loan,626354.86,56737.87,15.69,12,3.2332,0.773,0.244,663,0,0,0
LOAN_00000843,CUST_00000878,Personal Loan,400913.52,35955.38,13.78,12,2.0533,0.852,0.244,648,0,0,0
LOAN_00000844,CUST_00000878,Auto Loan,1140470.59,25403.73,12.06,60,3.5041,0.865,0.244,648,0,0,0
LOAN_00000845,CUST_00000879,Two Wheeler Loan,766853.69,13178.84,11.12,84,0.3564,0.649,0.131,673,1,0,0
LOAN_00000846,CUST_00000880,Personal Loan,838161.62,19794.91,14.67,60,0.5886,0.571,0.214,653,0,0,0
LOAN_00000847,CUST_00000880,Auto Loan,954237.92,15965.01,10.25,84,1.0633,0.519,0.214,653,0,0,0
LOAN_00000848,CUST_00000881,Personal Loan,734585.48,25017.29,13.75,36,0.6817,0.72,0.236,645,0,0,0
LOAN_00000849,CUST_00000882,Personal Loan,210169.1,4902.26,14.11,60,0.1171,0.557,0.225,635,1,0,0
LOAN_00000850,CUST_00000885,Auto Loan,893151.74,20057.75,12.42,60,0.5346,0.77,0.213,631,0,0,0
LOAN_00000851,CUST_00000887,Personal Loan,61190.88,5551.61,15.99,12,0.1887,0.928,0.194,662,1,0,0
LOAN_00000852,CUST_00000887,Personal Loan,686741.28,22924.61,12.35,36,0.968,0.931,0.194,662,0,0,0
LOAN_00000853,CUST_00000887,Personal Loan,906820.3,20767.82,13.29,60,1.6739,0.96,0.194,662,0,0,0
LOAN_00000854,CUST_00000888,Home Loan,8818783.9,79004.91,8.94,240,2.0945,0.743,0.308,637,0,0,0
LOAN_00000855,CUST_00000888,Business Loan,936825.68,83718.68,13.1,12,4.3139,0.639,0.308,637,0,0,0
LOAN_00000856,CUST_00000888,Gold Loan,1367967.21,43935.22,9.68,36,5.4787,0.851,0.308,637,0,0,0
LOAN_00000857,CUST_00000889,Personal Loan,466383.68,10535.42,12.68,60,0.021,0.791,0.258,766,1,0,0
LOAN_00000858,CUST_00000890,Personal Loan,190080.36,16873.3,11.83,12,1.0138,0.816,0.297,600,0,0,0
LOAN_00000859,CUST_00000891,Home Loan,6959364.39,59298.35,8.25,240,1.4342,0.844,0.237,636,0,0,0
LOAN_00000860,CUST_00000893,Auto Loan,1754838.44,57343.19,10.87,36,1.2889,0.776,0.274,627,0,0,0
LOAN_00000861,CUST_00000894,Auto Loan,1523699.17,34950.28,13.36,60,1.024,0.51,0.254,663,0,0,0
LOAN_00000862,CUST_00000896,Two Wheeler Loan,692236.31,14954.41,10.72,60,0.3106,0.768,0.333,617,0,0,0
LOAN_00000863,CUST_00000896,Auto Loan,887416.64,78953.87,12.26,12,1.9507,0.553,0.333,617,0,0,0
LOAN_00000864,CUST_00000899,Two Wheeler Loan,1121020.46,20308.34,12.86,84,0.622,0.956,0.277,615,0,0,0
LOAN_00000865,CUST_00000901,Personal Loan,926192.39,25040.93,13.42,48,0.6532,0.644,0.246,664,0,0,0
LOAN_00000866,CUST_00000901,Two Wheeler Loan,1815796.24,58641.8,10.06,36,2.1829,0.715,0.246,664,0,0,0
LOAN_00000867,CUST_00000901,Home Loan,2699572.01,26111.17,8.2,180,2.8641,0.762,0.246,664,0,0,0
LOAN_00000868,CUST_00000903,Personal Loan,623567.39,13946.66,12.24,60,0.3441,0.798,0.294,626,1,0,0
LOAN_00000869,CUST_00000904,Personal Loan,679253.27,32041.46,12.21,24,0.9961,0.673,0.445,607,0,0,0
LOAN_00000870,CUST_00000905,Personal Loan,887631.44,21355.06,15.51,60,0.5518,0.834,0.243,657,0,0,0
LOAN_00000871,CUST_00000906,Auto Loan,1286931.27,27744.12,10.63,60,0.9988,0.776,0.269,649,0,0,0
LOAN_00000872,CUST_00000907,Personal Loan,358216.32,9610.05,13.0,48,0.2787,0.604,0.221,632,1,0,0
LOAN_00000873,CUST_00000908,Personal Loan,885244.12,78470.77,11.56,12,2.071,0.781,0.273,661,0,0,0
LOAN_00000874,CUST_00000909,Home Loan,3364223.41,42180.82,8.76,120,1.5347,0.776,0.251,642,0,0,0
LOAN_00000875,CUST_00000915,Personal Loan,159536.04,14173.09,11.98,12,0.2946,0.79,0.22,655,1,0,0
LOAN_00000876,CUST_00000915,Personal Loan,148225.19,5025.76,13.44,36,0.3991,0.951,0.22,655,1,0,0
LOAN_00000877,CUST_00000915,Auto Loan,773405.58,13250.72,11.02,84,0.6746,0.921,0.22,655,0,0,0
LOAN_00000878,CUST_00000916,Personal Loan,582659.76,15323.65,11.93,48,0.5023,0.923,0.244,654,0,0,0
LOAN_00000879,CUST_00000916,Personal Loan,482877.78,13251.13,14.23,48,0.9367,0.501,0.244,654,0,0,0
LOAN_00000880,CUST_00000916,Home Loan,2071545.39,18372.61,8.8,240,1.5389,0.68,0.244,654,0,0,0
LOAN_00000881,CUST_00000920,Two Wheeler Loan,661930.39,11501.61,11.48,84,0.4963,0.898,0.225,623,0,0,0
LOAN_00000882,CUST_00000925,Personal Loan,974487.48,32539.41,12.37,36,0.1707,0.897,0.24,741,1,0,0
LOAN_00000883,CUST_00000926,Business Loan,1117491.64,19530.11,11.67,84,0.0262,0.468,0.273,747,1,0,0
LOAN_00000884,CUST_00000926,Home Loan,6171789.56,56925.99,9.35,240,0.1027,0.919,0.273,747,1,0,0
LOAN_00000885,CUST_00000926,Home Loan,8313962.01,104285.67,8.77,120,0.2429,0.863,0.273,747,1,0,0
LOAN_00000886,CUST_00000927,Auto Loan,520180.46,45872.57,10.58,12,1.7085,0.585,0.218,648,0,0,0
LOAN_00000887,CUST_00000927,Home Loan,6068696.91,58910.19,8.26,180,3.9026,0.692,0.218,648,0,0,0
LOAN_00000888,CUST_00000928,Two Wheeler Loan,439056.28,7248.08,9.82,84,0.0263,0.686,0.293,759,1,0,0
LOAN_00000889,CUST_00000932,Auto Loan,782744.08,69326.35,11.4,12,4.3822,0.959,0.156,662,0,0,0
LOAN_00000890,CUST_00000933,Personal Loan,643696.58,22244.67,14.78,36,0.6363,0.749,0.204,647,0,0,0
LOAN_00000891,CUST_00000934,Personal Loan,899085.48,30676.24,13.88,36,0.6365,0.799,0.206,687,0,0,0
LOAN_00000892,CUST_00000935,Personal Loan,172529.96,5864.04,13.61,36,0.0195,0.762,0.242,759,1,0,0
LOAN_00000893,CUST_00000935,Business Loan,1967039.58,65380.85,12.05,36,0.2372,0.697,0.242,759,1,0,0
LOAN_00000894,CUST_00000936,Personal Loan,250456.36,5905.88,14.6,60,0.1053,0.936,0.24,677,1,0,0
LOAN_00000895,CUST_00000937,Two Wheeler Loan,1344073.93,118421.9,10.41,12,4.6232,0.885,0.394,614,0,0,0
LOAN_00000896,CUST_00000937,Personal Loan,482562.31,11630.11,15.59,60,5.0772,0.877,0.394,614,0,0,0
LOAN_00000897,CUST_00000938,Auto Loan,791078.49,26475.83,12.53,36,0.0744,0.936,0.269,770,1,0,0
LOAN_00000898,CUST_00000938,Auto Loan,520351.86,11630.24,12.21,60,0.1071,0.579,0.269,770,1,0,0
LOAN_00000899,CUST_00000939,Two Wheeler Loan,1622568.91,53228.46,11.14,36,0.6792,0.928,0.221,711,0,0,0
LOAN_00000900,CUST_00000940,Two Wheeler Loan,771607.2,68581.64,12.07,12,4.0963,0.809,0.271,615,0,0,0
LOAN_00000901,CUST_00000942,Personal Loan,974393.08,34213.49,15.91,36,2.0764,0.516,0.271,612,0,0,0
LOAN_00000902,CUST_00000942,Personal Loan,876686.86,41317.84,12.12,24,4.584,0.812,0.271,612,0,0,0
LOAN_00000903,CUST_00000943,Home Loan,4358658.18,42921.43,8.5,180,0.1321,0.962,0.248,754,1,0,0
LOAN_00000904,CUST_00000943,Personal Loan,967370.52,85755.23,11.57,12,0.3961,0.654,0.248,754,1,0,0
LOAN_00000905,CUST_00000944,Two Wheeler Loan,1403164.92,25396.82,12.83,84,0.7872,0.952,0.176,646,0,0,0
LOAN_00000906,CUST_00000945,Personal Loan,184752.18,4152.79,12.46,60,0.2159,0.889,0.242,634,1,0,0
LOAN_00000907,CUST_00000947,Business Loan,942308.61,16553.8,11.84,84,0.0434,0.747,0.328,771,1,0,0
LOAN_00000908,CUST_00000947,Home Loan,6470432.87,59302.49,9.26,240,0.1989,0.629,0.328,771,1,0,0
LOAN_00000909,CUST_00000948,Personal Loan,975055.45,33557.61,14.49,36,1.6221,0.779,0.244,657,0,0,0
LOAN_00000910,CUST_00000950,Personal Loan,647459.89,17059.64,12.03,48,0.5569,0.549,0.264,617,0,0,0
LOAN_00000911,CUST_00000951,Business Loan,543857.16,9778.88,12.61,84,0.2445,0.811,0.301,606,0,0,0
LOAN_00000912,CUST_00000951,Personal Loan,426434.98,12050.37,15.84,48,0.5458,0.585,0.301,606,0,0,0
LOAN_00000913,CUST_00000951,Auto Loan,810483.56,18565.7,13.3,60,1.01,0.71,0.301,606,0,0,0
LOAN_00000914,CUST_00000952,Personal Loan,945869.67,32825.95,15.08,36,1.2705,0.913,0.268,660,0,0,0
LOAN_00000915,CUST_00000952,Two Wheeler Loan,1929291.14,169624.32,10.01,12,7.8356,0.989,0.268,660,0,0,0
LOAN_00000916,CUST_00000954,Home Loan,3155747.32,40421.07,9.26,120,1.076,0.605,0.239,641,0,0,0
LOAN_00000917,CUST_00000957,Personal Loan,140030.05,3655.3,11.53,48,0.0825,0.847,0.212,652,1,0,0
LOAN_00000918,CUST_00000958,Home Loan,4347572.84,53833.95,8.47,120,1.8603,0.837,0.304,628,0,0,0
LOAN_00000919,CUST_00000958,Auto Loan,225195.11,19826.52,10.27,12,2.5454,0.851,0.304,628,0,0,0
LOAN_00000920,CUST_00000965,Personal Loan,579919.62,19598.49,13.21,36,1.0911,0.892,0.284,617,0,0,0
LOAN_00000921,CUST_00000965,Two Wheeler Loan,1755426.28,154550.38,10.27,12,9.695,0.98,0.284,617,0,0,0
LOAN_00000922,CUST_00000966,Home Loan,3225445.25,40492.9,8.79,120,0.3945,0.659,0.293,716,1,0,0
LOAN_00000923,CUST_00000967,Auto Loan,390050.51,6956.58,12.34,84,0.4182,0.808,0.265,647,0,0,0
LOAN_00000924,CUST_00000967,Auto Loan,1835091.33,33075.42,12.69,84,2.4066,0.879,0.265,647,0,0,0
LOAN_00000925,CUST_00000968,Two Wheeler Loan,262639.15,23118.26,10.23,12,0.6057,0.483,0.231,661,0,0,0
LOAN_00000926,CUST_00000972,Home Loan,7808708.58,78552.11,8.86,180,2.3303,0.873,0.196,660,0,0,0
LOAN_00000927,CUST_00000973,Business Loan,725818.33,12754.53,11.85,84,0.0804,0.627,0.236,745,1,0,0
LOAN_00000928,CUST_00000973,Gold Loan,1417098.13,45579.54,9.78,36,0.3675,0.897,0.236,745,1,0,0
LOAN_00000929,CUST_00000973,Personal Loan,837103.75,75575.32,15.05,12,0.8436,0.932,0.236,745,0,0,0
LOAN_00000930,CUST_00000977,Home Loan,5552407.94,68990.48,8.55,120,2.0925,0.848,0.249,646,0,0,0
LOAN_00000931,CUST_00000978,Two Wheeler Loan,1729754.54,153266.13,11.48,12,5.8066,0.898,0.197,654,0,0,0
LOAN_00000932,CUST_00000978,Personal Loan,834042.98,18582.34,12.07,60,6.5106,0.897,0.197,654,0,0,0
LOAN_00000933,CUST_00000979,Two Wheeler Loan,978667.95,33097.89,13.26,36,1.0763,0.714,0.151,679,0,0,0
LOAN_00000934,CUST_00000980,Personal Loan,494370.32,24172.85,15.86,24,0.9231,0.774,0.173,636,0,0,0
LOAN_00000935,CUST_00000981,Two Wheeler Loan,193619.94,3512.86,12.91,84,0.0223,0.653,0.289,756,1,0,0
LOAN_00000936,CUST_00000984,Personal Loan,271726.46,6257.98,13.54,60,0.1309,0.866,0.228,657,1,0,0
LOAN_00000937,CUST_00000984,Personal Loan,198514.87,4564.73,13.47,60,0.2263,0.919,0.228,657,1,0,0
LOAN_00000938,CUST_00000986,Home Loan,5876883.83,57596.74,8.42,180,1.9521,0.804,0.285,647,0,0,0
LOAN_00000939,CUST_00000987,Personal Loan,615294.03,20410.13,11.91,36,1.2207,0.713,0.224,630,0,0,0
LOAN_00000940,CUST_00000987,Two Wheeler Loan,1437798.29,31881.4,11.86,60,3.1274,0.872,0.224,630,0,0,0
LOAN_00000941,CUST_00000987,Business Loan,1208332.53,21104.87,11.65,84,4.3896,0.721,0.224,630,0,0,0
LOAN_00000942,CUST_00000988,Home Loan,5312124.44,49411.95,9.47,240,1.7751,0.967,0.322,617,0,0,0
LOAN_00000943,CUST_00000989,Auto Loan,1545339.13,135931.74,10.1,12,2.7465,0.592,0.296,656,0,0,0
LOAN_00000944,CUST_00000989,Personal Loan,343804.71,11424.16,12.03,36,2.9773,0.825,0.296,656,0,0,0
LOAN_00000945,CUST_00000990,Gold Loan,568820.1,12452.8,11.3,60,0.417,0.816,0.209,635,0,0,0
LOAN_00000946,CUST_00000990,Personal Loan,671321.92,60077.24,13.37,12,2.429,0.919,0.209,635,0,0,0
LOAN_00000947,CUST_00000992,Auto Loan,318520.78,5670.57,12.28,84,0.0596,0.845,0.264,718,1,0,0
LOAN_00000948,CUST_00000992,Gold Loan,726952.3,16670.94,13.35,60,0.2347,0.716,0.264,718,1,0,0
LOAN_00000949,CUST_00000993,Home Loan,4006914.65,38802.8,8.22,180,0.9928,0.871,0.217,638,0,0,0
LOAN_00000950,CUST_00000994,Two Wheeler Loan,261880.91,23280.05,12.1,12,0.293,0.807,0.239,706,1,0,0
LOAN_00000951,CUST_00000994,Business Loan,1469114.2,49189.49,12.56,36,0.912,0.899,0.239,706,0,0,0
LOAN_00000952,CUST_00000995,Personal Loan,495219.06,17342.05,15.72,36,0.6143,0.783,0.326,611,0,0,0
LOAN_00000953,CUST_00000995,Home Loan,4129255.91,33417.01,8.56,300,1.798,0.823,0.326,611,0,0,0
LOAN_00000954,CUST_00000996,Two Wheeler Loan,1407257.99,124231.43,10.78,12,7.8128,0.688,0.462,560,0,0,0
LOAN_00000955,CUST_00000997,Personal Loan,455085.75,10570.18,13.92,60,0.2309,0.844,0.217,642,1,0,0
LOAN_00000956,CUST_00000998,Personal Loan,579195.21,20089.34,15.04,36,0.5872,0.543,0.216,645,0,0,0
LOAN_00000957,CUST_00000998,Home Loan,8963979.17,90705.47,8.96,180,3.2384,0.792,0.216,645,0,0,0
LOAN_00000958,CUST_00000999,Two Wheeler Loan,809935.56,71602.34,11.05,12,3.0896,0.889,0.349,625,0,0,0
LOAN_00000959,CUST_00001000,Personal Loan,614020.49,17079.31,14.97,48,0.9112,0.722,0.195,667,0,0,0
